insert into stations (name)
values  ('Madrid'),
        ('Granada'),
        ('Valencia');

insert into trains (number)
values  (100),
        (101),
        (102),
        (103),
        (104),
        (105),
        (106),
        (202),
        (203),
        (204),
        (205),
        (206),
        (207),
        (208),
        (300),
        (301),
        (302),
        (303),
        (304),
        (400);

insert into schedules (train_number, start_station_id, end_station_id, departure_time, arrival_time)
values  (100, 1, 2, '2023-10-05 08:30:00', '2023-10-05 12:00:00'),
        (101, 1, 2, '2023-10-05 10:30:00', '2023-10-05 14:00:00'),
        (102, 1, 2, '2023-10-05 16:30:00', '2023-10-05 20:00:00'),
        (103, 1, 2, '2023-10-05 19:30:00', '2023-10-05 21:00:00'),
        (104, 1, 3, '2023-10-05 08:30:00', '2023-10-05 11:30:00'),
        (105, 1, 3, '2023-10-05 10:30:00', '2023-10-05 13:30:00'),
        (106, 1, 3, '2023-10-05 17:30:00', '2023-10-05 20:30:00'),
        (202, 2, 1, '2023-10-05 16:00:00', '2023-10-05 19:30:00'),
        (203, 2, 1, '2023-10-05 18:00:00', '2023-10-05 21:30:00'),
        (204, 2, 3, '2023-10-05 08:30:00', '2023-10-05 13:00:00'),
        (205, 2, 3, '2023-10-05 10:30:00', '2023-10-05 15:00:00'),
        (206, 2, 3, '2023-10-05 13:00:00', '2023-10-05 17:30:00'),
        (207, 2, 3, '2023-10-05 16:00:00', '2023-10-05 20:30:00'),
        (208, 2, 3, '2023-10-05 19:00:00', '2023-10-05 23:30:00'),
        (300, 3, 1, '2023-10-05 08:30:00', '2023-10-05 11:30:00'),
        (301, 3, 1, '2023-10-05 10:30:00', '2023-10-05 13:30:00'),
        (302, 3, 1, '2023-10-05 16:30:00', '2023-10-05 19:30:00'),
        (303, 3, 1, '2023-10-05 19:30:00', '2023-10-05 22:30:00'),
        (304, 3, 2, '2023-10-05 16:00:00', '2023-10-05 20:30:00'),
        (400, 3, 2, '2023-10-05 18:00:00', '2023-10-05 22:30:00');

insert into wagons (wagon_number, train_number, seat_count, seat_per_row)
values  (1, 100, 24, 4),
        (2, 100, 24, 4),
        (3, 100, 24, 4),
        (1, 101, 24, 4),
        (2, 101, 24, 4),
        (3, 101, 24, 4),
        (1, 102, 24, 4),
        (2, 102, 24, 4),
        (3, 102, 24, 4),
        (1, 103, 20, 4),
        (2, 104, 24, 2),
        (1, 104, 24, 2),
        (2, 105, 24, 2),
        (1, 105, 24, 2),
        (2, 106, 24, 2),
        (1, 106, 24, 2),
        (1, 202, 20, 4),
        (1, 203, 24, 2),
        (2, 203, 16, 4),
        (1, 204, 20, 4),
        (2, 205, 24, 2),
        (1, 205, 24, 2),
        (1, 206, 20, 4),
        (1, 207, 16, 4),
        (2, 207, 16, 4),
        (1, 208, 24, 2),
        (2, 208, 24, 2),
        (1, 300, 20, 4),
        (1, 301, 30, 2),
        (1, 302, 20, 4),
        (1, 303, 30, 2),
        (1, 304, 30, 2),
        (1, 400, 24, 4);

insert into seats (number, wagon_number, train_number, description)
values  (1, 1, 100, null),
(2, 1, 100, null),
(3, 1, 100, null),
(4, 1, 100, null),
(5, 1, 100, null),
(6, 1, 100, null),
(7, 1, 100, null),
(8, 1, 100, null),
(9, 1, 100, null),
(10, 1, 100, null),
(11, 1, 100, null),
(12, 1, 100, null),
(13, 1, 100, null),
(14, 1, 100, null),
(15, 1, 100, null),
(16, 1, 100, null),
(17, 1, 100, null),
(18, 1, 100, null),
(19, 1, 100, null),
(20, 1, 100, null),
(21, 1, 100, null),
(22, 1, 100, null),
(23, 1, 100, null),
(24, 1, 100, null),
(1, 2, 100, null),
(2, 2, 100, null),
(3, 2, 100, null),
(4, 2, 100, null),
(5, 2, 100, null),
(6, 2, 100, null),
(7, 2, 100, null),
(8, 2, 100, null),
(9, 2, 100, null),
(10, 2, 100, null),
(11, 2, 100, null),
(12, 2, 100, null),
(13, 2, 100, null),
(14, 2, 100, null),
(15, 2, 100, null),
(16, 2, 100, null),
(17, 2, 100, null),
(18, 2, 100, null),
(19, 2, 100, null),
(20, 2, 100, null),
(21, 2, 100, null),
(22, 2, 100, null),
(23, 2, 100, null),
(24, 2, 100, null),
(1, 3, 100, null),
(2, 3, 100, null),
(3, 3, 100, null),
(4, 3, 100, null),
(5, 3, 100, null),
(6, 3, 100, null),
(7, 3, 100, null),
(8, 3, 100, null),
(9, 3, 100, null),
(10, 3, 100, null),
(11, 3, 100, null),
(12, 3, 100, null),
(13, 3, 100, null),
(14, 3, 100, null),
(15, 3, 100, null),
(16, 3, 100, null),
(17, 3, 100, null),
(18, 3, 100, null),
(19, 3, 100, null),
(20, 3, 100, null),
(21, 3, 100, null),
(22, 3, 100, null),
(23, 3, 100, null),
(24, 3, 100, null),
(1, 1, 101, null),
(2, 1, 101, null),
(3, 1, 101, null),
(4, 1, 101, null),
(5, 1, 101, null),
(6, 1, 101, null),
(7, 1, 101, null),
(8, 1, 101, null),
(9, 1, 101, null),
(10, 1, 101, null),
(11, 1, 101, null),
(12, 1, 101, null),
(13, 1, 101, null),
(14, 1, 101, null),
(15, 1, 101, null),
(16, 1, 101, null),
(17, 1, 101, null),
(18, 1, 101, null),
(19, 1, 101, null),
(20, 1, 101, null),
(21, 1, 101, null),
(22, 1, 101, null),
(23, 1, 101, null),
(24, 1, 101, null),
(1, 2, 101, null),
(2, 2, 101, null),
(3, 2, 101, null),
(4, 2, 101, null),
(5, 2, 101, null),
(6, 2, 101, null),
(7, 2, 101, null),
(8, 2, 101, null),
(9, 2, 101, null),
(10, 2, 101, null),
(11, 2, 101, null),
(12, 2, 101, null),
(13, 2, 101, null),
(14, 2, 101, null),
(15, 2, 101, null),
(16, 2, 101, null),
(17, 2, 101, null),
(18, 2, 101, null),
(19, 2, 101, null),
(20, 2, 101, null),
(21, 2, 101, null),
(22, 2, 101, null),
(23, 2, 101, null),
(24, 2, 101, null),
(1, 3, 101, null),
(2, 3, 101, null),
(3, 3, 101, null),
(4, 3, 101, null),
(5, 3, 101, null),
(6, 3, 101, null),
(7, 3, 101, null),
(8, 3, 101, null),
(9, 3, 101, null),
(10, 3, 101, null),
(11, 3, 101, null),
(12, 3, 101, null),
(13, 3, 101, null),
(14, 3, 101, null),
(15, 3, 101, null),
(16, 3, 101, null),
(17, 3, 101, null),
(18, 3, 101, null),
(19, 3, 101, null),
(20, 3, 101, null),
(21, 3, 101, null),
(22, 3, 101, null),
(23, 3, 101, null),
(24, 3, 101, null),
(1, 1, 102, null),
(2, 1, 102, null),
(3, 1, 102, null),
(4, 1, 102, null),
(5, 1, 102, null),
(6, 1, 102, null),
(7, 1, 102, null),
(8, 1, 102, null),
(9, 1, 102, null),
(10, 1, 102, null),
(11, 1, 102, null),
(12, 1, 102, null),
(13, 1, 102, null),
(14, 1, 102, null),
(15, 1, 102, null),
(16, 1, 102, null),
(17, 1, 102, null),
(18, 1, 102, null),
(19, 1, 102, null),
(20, 1, 102, null),
(21, 1, 102, null),
(22, 1, 102, null),
(23, 1, 102, null),
(24, 1, 102, null),
(1, 2, 102, null),
(2, 2, 102, null),
(3, 2, 102, null),
(4, 2, 102, null),
(5, 2, 102, null),
(6, 2, 102, null),
(7, 2, 102, null),
(8, 2, 102, null),
(9, 2, 102, null),
(10, 2, 102, null),
(11, 2, 102, null),
(12, 2, 102, null),
(13, 2, 102, null),
(14, 2, 102, null),
(15, 2, 102, null),
(16, 2, 102, null),
(17, 2, 102, null),
(18, 2, 102, null),
(19, 2, 102, null),
(20, 2, 102, null),
(21, 2, 102, null),
(22, 2, 102, null),
(23, 2, 102, null),
(24, 2, 102, null),
(1, 3, 102, null),
(2, 3, 102, null),
(3, 3, 102, null),
(4, 3, 102, null),
(5, 3, 102, null),
(6, 3, 102, null),
(7, 3, 102, null),
(8, 3, 102, null),
(9, 3, 102, null),
(10, 3, 102, null),
(11, 3, 102, null),
(12, 3, 102, null),
(13, 3, 102, null),
(14, 3, 102, null),
(15, 3, 102, null),
(16, 3, 102, null),
(17, 3, 102, null),
(18, 3, 102, null),
(19, 3, 102, null),
(20, 3, 102, null),
(21, 3, 102, null),
(22, 3, 102, null),
(23, 3, 102, null),
(24, 3, 102, null),
(1, 1, 103, null),
(2, 1, 103, null),
(3, 1, 103, null),
(4, 1, 103, null),
(5, 1, 103, null),
(6, 1, 103, null),
(7, 1, 103, null),
(8, 1, 103, null),
(9, 1, 103, null),
(10, 1, 103, null),
(11, 1, 103, null),
(12, 1, 103, null),
(13, 1, 103, null),
(14, 1, 103, null),
(15, 1, 103, null),
(16, 1, 103, null),
(17, 1, 103, null),
(18, 1, 103, null),
(19, 1, 103, null),
(20, 1, 103, null),
(1, 1, 104, null),
(2, 1, 104, null),
(3, 1, 104, null),
(4, 1, 104, null),
(5, 1, 104, null),
(6, 1, 104, null),
(7, 1, 104, null),
(8, 1, 104, null),
(9, 1, 104, null),
(10, 1, 104, null),
(11, 1, 104, null),
(12, 1, 104, null),
(13, 1, 104, null),
(14, 1, 104, null),
(15, 1, 104, null),
(16, 1, 104, null),
(17, 1, 104, null),
(18, 1, 104, null),
(19, 1, 104, null),
(20, 1, 104, null),
(21, 1, 104, null),
(22, 1, 104, null),
(23, 1, 104, null),
(24, 1, 104, null),
(1, 2, 104, null),
(2, 2, 104, null),
(3, 2, 104, null),
(4, 2, 104, null),
(5, 2, 104, null),
(6, 2, 104, null),
(7, 2, 104, null),
(8, 2, 104, null),
(9, 2, 104, null),
(10, 2, 104, null),
(11, 2, 104, null),
(12, 2, 104, null),
(13, 2, 104, null),
(14, 2, 104, null),
(15, 2, 104, null),
(16, 2, 104, null),
(17, 2, 104, null),
(18, 2, 104, null),
(19, 2, 104, null),
(20, 2, 104, null),
(21, 2, 104, null),
(22, 2, 104, null),
(23, 2, 104, null),
(24, 2, 104, null),
(1, 1, 105, null),
(2, 1, 105, null),
(3, 1, 105, null),
(4, 1, 105, null),
(5, 1, 105, null),
(6, 1, 105, null),
(7, 1, 105, null),
(8, 1, 105, null),
(9, 1, 105, null),
(10, 1, 105, null),
(11, 1, 105, null),
(12, 1, 105, null),
(13, 1, 105, null),
(14, 1, 105, null),
(15, 1, 105, null),
(16, 1, 105, null),
(17, 1, 105, null),
(18, 1, 105, null),
(19, 1, 105, null),
(20, 1, 105, null),
(21, 1, 105, null),
(22, 1, 105, null),
(23, 1, 105, null),
(24, 1, 105, null),
(1, 2, 105, null),
(2, 2, 105, null),
(3, 2, 105, null),
(4, 2, 105, null),
(5, 2, 105, null),
(6, 2, 105, null),
(7, 2, 105, null),
(8, 2, 105, null),
(9, 2, 105, null),
(10, 2, 105, null),
(11, 2, 105, null),
(12, 2, 105, null),
(13, 2, 105, null),
(14, 2, 105, null),
(15, 2, 105, null),
(16, 2, 105, null),
(17, 2, 105, null),
(18, 2, 105, null),
(19, 2, 105, null),
(20, 2, 105, null),
(21, 2, 105, null),
(22, 2, 105, null),
(23, 2, 105, null),
(24, 2, 105, null),
(1, 1, 106, null),
(2, 1, 106, null),
(3, 1, 106, null),
(4, 1, 106, null),
(5, 1, 106, null),
(6, 1, 106, null),
(7, 1, 106, null),
(8, 1, 106, null),
(9, 1, 106, null),
(10, 1, 106, null),
(11, 1, 106, null),
(12, 1, 106, null),
(13, 1, 106, null),
(14, 1, 106, null),
(15, 1, 106, null),
(16, 1, 106, null),
(17, 1, 106, null),
(18, 1, 106, null),
(19, 1, 106, null),
(20, 1, 106, null),
(21, 1, 106, null),
(22, 1, 106, null),
(23, 1, 106, null),
(24, 1, 106, null),
(1, 2, 106, null),
(2, 2, 106, null),
(3, 2, 106, null),
(4, 2, 106, null),
(5, 2, 106, null),
(6, 2, 106, null),
(7, 2, 106, null),
(8, 2, 106, null),
(9, 2, 106, null),
(10, 2, 106, null),
(11, 2, 106, null),
(12, 2, 106, null),
(13, 2, 106, null),
(14, 2, 106, null),
(15, 2, 106, null),
(16, 2, 106, null),
(17, 2, 106, null),
(18, 2, 106, null),
(19, 2, 106, null),
(20, 2, 106, null),
(21, 2, 106, null),
(22, 2, 106, null),
(23, 2, 106, null),
(24, 2, 106, null),
(1, 1, 202, null),
(2, 1, 202, null),
(3, 1, 202, null),
(4, 1, 202, null),
(5, 1, 202, null),
(6, 1, 202, null),
(7, 1, 202, null),
(8, 1, 202, null),
(9, 1, 202, null),
(10, 1, 202, null),
(11, 1, 202, null),
(12, 1, 202, null),
(13, 1, 202, null),
(14, 1, 202, null),
(15, 1, 202, null),
(16, 1, 202, null),
(17, 1, 202, null),
(18, 1, 202, null),
(19, 1, 202, null),
(20, 1, 202, null),
(1, 1, 203, null),
(2, 1, 203, null),
(3, 1, 203, null),
(4, 1, 203, null),
(5, 1, 203, null),
(6, 1, 203, null),
(7, 1, 203, null),
(8, 1, 203, null),
(9, 1, 203, null),
(10, 1, 203, null),
(11, 1, 203, null),
(12, 1, 203, null),
(13, 1, 203, null),
(14, 1, 203, null),
(15, 1, 203, null),
(16, 1, 203, null),
(17, 1, 203, null),
(18, 1, 203, null),
(19, 1, 203, null),
(20, 1, 203, null),
(21, 1, 203, null),
(22, 1, 203, null),
(23, 1, 203, null),
(24, 1, 203, null),
(1, 2, 203, null),
(2, 2, 203, null),
(3, 2, 203, null),
(4, 2, 203, null),
(5, 2, 203, null),
(6, 2, 203, null),
(7, 2, 203, null),
(8, 2, 203, null),
(9, 2, 203, null),
(10, 2, 203, null),
(11, 2, 203, null),
(12, 2, 203, null),
(13, 2, 203, null),
(14, 2, 203, null),
(15, 2, 203, null),
(16, 2, 203, null),
(1, 1, 204, null),
(2, 1, 204, null),
(3, 1, 204, null),
(4, 1, 204, null),
(5, 1, 204, null),
(6, 1, 204, null),
(7, 1, 204, null),
(8, 1, 204, null),
(9, 1, 204, null),
(10, 1, 204, null),
(11, 1, 204, null),
(12, 1, 204, null),
(13, 1, 204, null),
(14, 1, 204, null),
(15, 1, 204, null),
(16, 1, 204, null),
(17, 1, 204, null),
(18, 1, 204, null),
(19, 1, 204, null),
(20, 1, 204, null),
(1, 1, 205, null),
(2, 1, 205, null),
(3, 1, 205, null),
(4, 1, 205, null),
(5, 1, 205, null),
(6, 1, 205, null),
(7, 1, 205, null),
(8, 1, 205, null),
(9, 1, 205, null),
(10, 1, 205, null),
(11, 1, 205, null),
(12, 1, 205, null),
(13, 1, 205, null),
(14, 1, 205, null),
(15, 1, 205, null),
(16, 1, 205, null),
(17, 1, 205, null),
(18, 1, 205, null),
(19, 1, 205, null),
(20, 1, 205, null),
(21, 1, 205, null),
(22, 1, 205, null),
(23, 1, 205, null),
(24, 1, 205, null),
(1, 2, 205, null),
(2, 2, 205, null),
(3, 2, 205, null),
(4, 2, 205, null),
(5, 2, 205, null),
(6, 2, 205, null),
(7, 2, 205, null),
(8, 2, 205, null),
(9, 2, 205, null),
(10, 2, 205, null),
(11, 2, 205, null),
(12, 2, 205, null),
(13, 2, 205, null),
(14, 2, 205, null),
(15, 2, 205, null),
(16, 2, 205, null),
(17, 2, 205, null),
(18, 2, 205, null),
(19, 2, 205, null),
(20, 2, 205, null),
(21, 2, 205, null),
(22, 2, 205, null),
(23, 2, 205, null),
(24, 2, 205, null),
(1, 1, 206, null),
(2, 1, 206, null),
(3, 1, 206, null),
(4, 1, 206, null),
(5, 1, 206, null),
(6, 1, 206, null),
(7, 1, 206, null),
(8, 1, 206, null),
(9, 1, 206, null),
(10, 1, 206, null),
(11, 1, 206, null),
(12, 1, 206, null),
(13, 1, 206, null),
(14, 1, 206, null),
(15, 1, 206, null),
(16, 1, 206, null),
(17, 1, 206, null),
(18, 1, 206, null),
(19, 1, 206, null),
(20, 1, 206, null),
(1, 1, 207, null),
(2, 1, 207, null),
(3, 1, 207, null),
(4, 1, 207, null),
(5, 1, 207, null),
(6, 1, 207, null),
(7, 1, 207, null),
(8, 1, 207, null),
(9, 1, 207, null),
(10, 1, 207, null),
(11, 1, 207, null),
(12, 1, 207, null),
(13, 1, 207, null),
(14, 1, 207, null),
(15, 1, 207, null),
(16, 1, 207, null),
(1, 2, 207, null),
(2, 2, 207, null),
(3, 2, 207, null),
(4, 2, 207, null),
(5, 2, 207, null),
(6, 2, 207, null),
(7, 2, 207, null),
(8, 2, 207, null),
(9, 2, 207, null),
(10, 2, 207, null),
(11, 2, 207, null),
(12, 2, 207, null),
(13, 2, 207, null),
(14, 2, 207, null),
(15, 2, 207, null),
(16, 2, 207, null),
(1, 1, 208, null),
(2, 1, 208, null),
(3, 1, 208, null),
(4, 1, 208, null),
(5, 1, 208, null),
(6, 1, 208, null),
(7, 1, 208, null),
(8, 1, 208, null),
(9, 1, 208, null),
(10, 1, 208, null),
(11, 1, 208, null),
(12, 1, 208, null),
(13, 1, 208, null),
(14, 1, 208, null),
(15, 1, 208, null),
(16, 1, 208, null),
(17, 1, 208, null),
(18, 1, 208, null),
(19, 1, 208, null),
(20, 1, 208, null),
(21, 1, 208, null),
(22, 1, 208, null),
(23, 1, 208, null),
(24, 1, 208, null),
(1, 2, 208, null),
(2, 2, 208, null),
(3, 2, 208, null),
(4, 2, 208, null),
(5, 2, 208, null),
(6, 2, 208, null),
(7, 2, 208, null),
(8, 2, 208, null),
(9, 2, 208, null),
(10, 2, 208, null),
(11, 2, 208, null),
(12, 2, 208, null),
(13, 2, 208, null),
(14, 2, 208, null),
(15, 2, 208, null),
(16, 2, 208, null),
(17, 2, 208, null),
(18, 2, 208, null),
(19, 2, 208, null),
(20, 2, 208, null),
(21, 2, 208, null),
(22, 2, 208, null),
(23, 2, 208, null),
(24, 2, 208, null),
(1, 1, 300, null),
(2, 1, 300, null),
(3, 1, 300, null),
(4, 1, 300, null),
(5, 1, 300, null),
(6, 1, 300, null),
(7, 1, 300, null),
(8, 1, 300, null),
(9, 1, 300, null),
(10, 1, 300, null),
(11, 1, 300, null),
(12, 1, 300, null),
(13, 1, 300, null),
(14, 1, 300, null),
(15, 1, 300, null),
(16, 1, 300, null),
(17, 1, 300, null),
(18, 1, 300, null),
(19, 1, 300, null),
(20, 1, 300, null),
(1, 1, 301, null),
(2, 1, 301, null),
(3, 1, 301, null),
(4, 1, 301, null),
(5, 1, 301, null),
(6, 1, 301, null),
(7, 1, 301, null),
(8, 1, 301, null),
(9, 1, 301, null),
(10, 1, 301, null),
(11, 1, 301, null),
(12, 1, 301, null),
(13, 1, 301, null),
(14, 1, 301, null),
(15, 1, 301, null),
(16, 1, 301, null),
(17, 1, 301, null),
(18, 1, 301, null),
(19, 1, 301, null),
(20, 1, 301, null),
(21, 1, 301, null),
(22, 1, 301, null),
(23, 1, 301, null),
(24, 1, 301, null),
(25, 1, 301, null),
(26, 1, 301, null),
(27, 1, 301, null),
(28, 1, 301, null),
(29, 1, 301, null),
(30, 1, 301, null),
(1, 1, 302, null),
(2, 1, 302, null),
(3, 1, 302, null),
(4, 1, 302, null),
(5, 1, 302, null),
(6, 1, 302, null),
(7, 1, 302, null),
(8, 1, 302, null),
(9, 1, 302, null),
(10, 1, 302, null),
(11, 1, 302, null),
(12, 1, 302, null),
(13, 1, 302, null),
(14, 1, 302, null),
(15, 1, 302, null),
(16, 1, 302, null),
(17, 1, 302, null),
(18, 1, 302, null),
(19, 1, 302, null),
(20, 1, 302, null),
(1, 1, 303, null),
(2, 1, 303, null),
(3, 1, 303, null),
(4, 1, 303, null),
(5, 1, 303, null),
(6, 1, 303, null),
(7, 1, 303, null),
(8, 1, 303, null),
(9, 1, 303, null),
(10, 1, 303, null),
(11, 1, 303, null),
(12, 1, 303, null),
(13, 1, 303, null),
(14, 1, 303, null),
(15, 1, 303, null),
(16, 1, 303, null),
(17, 1, 303, null),
(18, 1, 303, null),
(19, 1, 303, null),
(20, 1, 303, null),
(21, 1, 303, null),
(22, 1, 303, null),
(23, 1, 303, null),
(24, 1, 303, null),
(25, 1, 303, null),
(26, 1, 303, null),
(27, 1, 303, null),
(28, 1, 303, null),
(29, 1, 303, null),
(30, 1, 303, null),
(1, 1, 304, null),
(2, 1, 304, null),
(3, 1, 304, null),
(4, 1, 304, null),
(5, 1, 304, null),
(6, 1, 304, null),
(7, 1, 304, null),
(8, 1, 304, null),
(9, 1, 304, null),
(10, 1, 304, null),
(11, 1, 304, null),
(12, 1, 304, null),
(13, 1, 304, null),
(14, 1, 304, null),
(15, 1, 304, null),
(16, 1, 304, null),
(17, 1, 304, null),
(18, 1, 304, null),
(19, 1, 304, null),
(20, 1, 304, null),
(21, 1, 304, null),
(22, 1, 304, null),
(23, 1, 304, null),
(24, 1, 304, null),
(25, 1, 304, null),
(26, 1, 304, null),
(27, 1, 304, null),
(28, 1, 304, null),
(29, 1, 304, null),
(30, 1, 304, null),
(1, 1, 400, null),
(2, 1, 400, null),
(3, 1, 400, null),
(4, 1, 400, null),
(5, 1, 400, null),
(6, 1, 400, null),
(7, 1, 400, null),
(8, 1, 400, null),
(9, 1, 400, null),
(10, 1, 400, null),
(11, 1, 400, null),
(12, 1, 400, null),
(13, 1, 400, null),
(14, 1, 400, null),
(15, 1, 400, null),
(16, 1, 400, null),
(17, 1, 400, null),
(18, 1, 400, null),
(19, 1, 400, null),
(20, 1, 400, null),
(21, 1, 400, null),
(22, 1, 400, null),
(23, 1, 400, null),
(24, 1, 400, null);

insert into users (username, password, role, name, surname, birth_date)
values  ('mayu93120mw', '$2a$10$D8cDT2ro/w7MGrMsq4VgZOHQxAGCRhrDmgp2sk1gxtGodWG5pQNFG', 'C', 'Karl', 'Michael', '1965-05-14'),
        ('oceadrandzf', '$2a$10$D8cDT2ro/w7MGrMsq4VgZOHQxAGCRhrDmgp2sk1gxtGodWG5pQNFG', 'C', 'Brooke', 'Mcintosh', '1966-03-01'),
        ('bodolygrougsx', '$2a$10$D8cDT2ro/w7MGrMsq4VgZOHQxAGCRhrDmgp2sk1gxtGodWG5pQNFG', 'C', 'Daisie', 'Stewart', '1968-05-27'),
        ('bluebird648407e', '$2a$10$D8cDT2ro/w7MGrMsq4VgZOHQxAGCRhrDmgp2sk1gxtGodWG5pQNFG', 'C', 'Victoria', 'Donovan', '1970-07-28'),
        ('Pielliea', '$2a$10$D8cDT2ro/w7MGrMsq4VgZOHQxAGCRhrDmgp2sk1gxtGodWG5pQNFG', 'C', 'Antonio', 'Glenn', '1970-10-07'),
        ('flertovi31', '$2a$10$D8cDT2ro/w7MGrMsq4VgZOHQxAGCRhrDmgp2sk1gxtGodWG5pQNFG', 'C', 'Kaitlin', 'Skinner', '1971-06-07'),
        ('monitapb', '$2a$10$D8cDT2ro/w7MGrMsq4VgZOHQxAGCRhrDmgp2sk1gxtGodWG5pQNFG', 'C', 'Anya', 'Spencer', '1971-09-15'),
        ('jayman112088cs', '$2a$10$D8cDT2ro/w7MGrMsq4VgZOHQxAGCRhrDmgp2sk1gxtGodWG5pQNFG', 'C', 'Mary', 'Gould', '1974-06-03'),
        ('GlughPubbrorbpd', '$2a$10$D8cDT2ro/w7MGrMsq4VgZOHQxAGCRhrDmgp2sk1gxtGodWG5pQNFG', 'C', 'Shivam', 'John', '1975-02-01'),
        ('soccerdv13lg', '$2a$10$D8cDT2ro/w7MGrMsq4VgZOHQxAGCRhrDmgp2sk1gxtGodWG5pQNFG', 'C', 'Haaris', 'Horn', '1975-12-18'),
        ('estiratgenl', '$2a$10$D8cDT2ro/w7MGrMsq4VgZOHQxAGCRhrDmgp2sk1gxtGodWG5pQNFG', 'C', 'Elijah', 'Moore', '1976-06-05'),
        ('Wyominga68', '$2a$10$D8cDT2ro/w7MGrMsq4VgZOHQxAGCRhrDmgp2sk1gxtGodWG5pQNFG', 'C', 'Niall', 'Chapman', '1976-08-21'),
        ('tamaloalaliaaq', '$2a$10$D8cDT2ro/w7MGrMsq4VgZOHQxAGCRhrDmgp2sk1gxtGodWG5pQNFG', 'C', 'Amirah', 'Robles', '1976-08-25'),
        ('escassapx', '$2a$10$D8cDT2ro/w7MGrMsq4VgZOHQxAGCRhrDmgp2sk1gxtGodWG5pQNFG', 'C', 'Lance', 'Gibbs', '1978-03-02'),
        ('2thsoc', '$2a$10$D8cDT2ro/w7MGrMsq4VgZOHQxAGCRhrDmgp2sk1gxtGodWG5pQNFG', 'C', 'Lula', 'Hartman', '1981-05-14'),
        ('Lulfurbtrittk', '$2a$10$D8cDT2ro/w7MGrMsq4VgZOHQxAGCRhrDmgp2sk1gxtGodWG5pQNFG', 'C', 'Amin', 'Tyler', '1985-09-16'),
        ('otwarciemys', '$2a$10$D8cDT2ro/w7MGrMsq4VgZOHQxAGCRhrDmgp2sk1gxtGodWG5pQNFG', 'C', 'Josephine', 'Gentry', '1989-08-30'),
        ('urisceheherug09', '$2a$10$D8cDT2ro/w7MGrMsq4VgZOHQxAGCRhrDmgp2sk1gxtGodWG5pQNFG', 'C', 'Bilal', 'Mclean', '1989-09-12'),
        ('pulseren2h', '$2a$10$D8cDT2ro/w7MGrMsq4VgZOHQxAGCRhrDmgp2sk1gxtGodWG5pQNFG', 'C', 'Hamish', 'Strong', '1990-03-08'),
        ('utepliptuctjz', '$2a$10$D8cDT2ro/w7MGrMsq4VgZOHQxAGCRhrDmgp2sk1gxtGodWG5pQNFG', 'C', 'Shreya', 'Livingston', '1994-08-27'),
        ('kumaizijj', '$2a$10$D8cDT2ro/w7MGrMsq4VgZOHQxAGCRhrDmgp2sk1gxtGodWG5pQNFG', 'C', 'Amy', 'Valencia', '1996-01-05'),
        ('Fantuzzol0', '$2a$10$D8cDT2ro/w7MGrMsq4VgZOHQxAGCRhrDmgp2sk1gxtGodWG5pQNFG', 'C', 'Dawson', 'Vazquez', '1996-05-10'),
        ('vakcinomsn', '$2a$10$D8cDT2ro/w7MGrMsq4VgZOHQxAGCRhrDmgp2sk1gxtGodWG5pQNFG', 'C', 'Hiba', 'Pierce', '1999-03-11'),
        ('prievigraress4d', '$2a$10$D8cDT2ro/w7MGrMsq4VgZOHQxAGCRhrDmgp2sk1gxtGodWG5pQNFG', 'C', 'Luke', 'Parrish', '2002-05-14'),
        ('kuhoji9a', '$2a$10$D8cDT2ro/w7MGrMsq4VgZOHQxAGCRhrDmgp2sk1gxtGodWG5pQNFG', 'C', 'Lucie', 'Padilla', '2002-12-05'),
        ('ogan4r', '$2a$10$D8cDT2ro/w7MGrMsq4VgZOHQxAGCRhrDmgp2sk1gxtGodWG5pQNFG', 'C', 'Leland', 'Henry', '1966-07-06'),
        ('provejant6n', '$2a$10$D8cDT2ro/w7MGrMsq4VgZOHQxAGCRhrDmgp2sk1gxtGodWG5pQNFG', 'C', 'Nell', 'Marshall', '1971-03-14'),
        ('nepoluantop', '$2a$10$D8cDT2ro/w7MGrMsq4VgZOHQxAGCRhrDmgp2sk1gxtGodWG5pQNFG', 'C', 'Isabel', 'Wagner', '1972-07-10'),
        ('5s4p4a1kesj', '$2a$10$D8cDT2ro/w7MGrMsq4VgZOHQxAGCRhrDmgp2sk1gxtGodWG5pQNFG', 'C', 'Brendon', 'Holman', '1974-06-24'),
        ('Lasagninir3', '$2a$10$D8cDT2ro/w7MGrMsq4VgZOHQxAGCRhrDmgp2sk1gxtGodWG5pQNFG', 'C', 'Ty', 'Chaney', '1975-03-11'),
        ('entrediasm1', '$2a$10$D8cDT2ro/w7MGrMsq4VgZOHQxAGCRhrDmgp2sk1gxtGodWG5pQNFG', 'C', 'Remi', 'Serrano', '1976-01-20'),
        ('Ceccanei6r', '$2a$10$D8cDT2ro/w7MGrMsq4VgZOHQxAGCRhrDmgp2sk1gxtGodWG5pQNFG', 'C', 'Serena', 'Stanley', '1977-05-15'),
        ('pretty973lt', '$2a$10$D8cDT2ro/w7MGrMsq4VgZOHQxAGCRhrDmgp2sk1gxtGodWG5pQNFG', 'C', 'Husna', 'Kemp', '1978-09-13'),
        ('VEVAmf', '$2a$10$D8cDT2ro/w7MGrMsq4VgZOHQxAGCRhrDmgp2sk1gxtGodWG5pQNFG', 'C', 'Yahya', 'Mcguire', '1980-04-20'),
        ('Mazet2s', '$2a$10$D8cDT2ro/w7MGrMsq4VgZOHQxAGCRhrDmgp2sk1gxtGodWG5pQNFG', 'C', 'Alina', 'Mcknight', '1984-05-18'),
        ('pagasedv', '$2a$10$D8cDT2ro/w7MGrMsq4VgZOHQxAGCRhrDmgp2sk1gxtGodWG5pQNFG', 'C', 'Kelvin', 'Oconnor', '1985-09-07'),
        ('Sarf53', '$2a$10$D8cDT2ro/w7MGrMsq4VgZOHQxAGCRhrDmgp2sk1gxtGodWG5pQNFG', 'C', 'Madiha', 'Burgess', '1986-04-23'),
        ('triremamiuu', '$2a$10$D8cDT2ro/w7MGrMsq4VgZOHQxAGCRhrDmgp2sk1gxtGodWG5pQNFG', 'C', 'Stacey', 'Ware', '1986-09-26'),
        ('roaggelrydg', '$2a$10$D8cDT2ro/w7MGrMsq4VgZOHQxAGCRhrDmgp2sk1gxtGodWG5pQNFG', 'C', 'Aiden', 'Beck', '1987-05-19'),
        ('daworldzbi', '$2a$10$D8cDT2ro/w7MGrMsq4VgZOHQxAGCRhrDmgp2sk1gxtGodWG5pQNFG', 'C', 'Luis', 'West', '1988-01-05'),
        ('postamentu1', '$2a$10$D8cDT2ro/w7MGrMsq4VgZOHQxAGCRhrDmgp2sk1gxtGodWG5pQNFG', 'C', 'Rosalind', 'Kidd', '1988-09-17'),
        ('sorraire5x', '$2a$10$D8cDT2ro/w7MGrMsq4VgZOHQxAGCRhrDmgp2sk1gxtGodWG5pQNFG', 'C', 'Alvin', 'Kim', '1988-11-12'),
        ('penbarlisk2', '$2a$10$D8cDT2ro/w7MGrMsq4VgZOHQxAGCRhrDmgp2sk1gxtGodWG5pQNFG', 'C', 'Gail', 'Black', '1989-05-04'),
        ('teruntuk63', '$2a$10$D8cDT2ro/w7MGrMsq4VgZOHQxAGCRhrDmgp2sk1gxtGodWG5pQNFG', 'C', 'Kurt', 'Fitzgerald', '1989-07-26'),
        ('ploegperd62', '$2a$10$D8cDT2ro/w7MGrMsq4VgZOHQxAGCRhrDmgp2sk1gxtGodWG5pQNFG', 'C', 'Leo', 'Huffman', '1991-11-14'),
        ('faintpraisekt', '$2a$10$D8cDT2ro/w7MGrMsq4VgZOHQxAGCRhrDmgp2sk1gxtGodWG5pQNFG', 'C', 'Lawrence', 'Luna', '1994-04-15'),
        ('landgoed14', '$2a$10$D8cDT2ro/w7MGrMsq4VgZOHQxAGCRhrDmgp2sk1gxtGodWG5pQNFG', 'C', 'Laiba', 'Palmer', '2000-02-17'),
        ('addesidwg', '$2a$10$D8cDT2ro/w7MGrMsq4VgZOHQxAGCRhrDmgp2sk1gxtGodWG5pQNFG', 'C', 'Clifford', 'Price', '2000-05-13'),
        ('cutipasteyf', '$2a$10$D8cDT2ro/w7MGrMsq4VgZOHQxAGCRhrDmgp2sk1gxtGodWG5pQNFG', 'C', 'Lennox', 'Larsen', '2001-03-24'),
        ('Sliviariasp8j', '$2a$10$D8cDT2ro/w7MGrMsq4VgZOHQxAGCRhrDmgp2sk1gxtGodWG5pQNFG', 'C', 'Ciara', 'Prince', '2002-08-04'),
        ('aefucrrevkz', '$2a$10$D8cDT2ro/w7MGrMsq4VgZOHQxAGCRhrDmgp2sk1gxtGodWG5pQNFG', 'C', 'Arjan', 'Sharp', '1966-07-13'),
        ('okrenuto7i', '$2a$10$D8cDT2ro/w7MGrMsq4VgZOHQxAGCRhrDmgp2sk1gxtGodWG5pQNFG', 'C', 'Lee', 'Banks', '1967-01-18'),
        ('walterpardo5n', '$2a$10$D8cDT2ro/w7MGrMsq4VgZOHQxAGCRhrDmgp2sk1gxtGodWG5pQNFG', 'C', 'Aminah', 'Horton', '1969-02-06'),
        ('namjesnahs', '$2a$10$D8cDT2ro/w7MGrMsq4VgZOHQxAGCRhrDmgp2sk1gxtGodWG5pQNFG', 'C', 'Naomi', 'Joyce', '1969-10-08'),
        ('zapastv1', '$2a$10$D8cDT2ro/w7MGrMsq4VgZOHQxAGCRhrDmgp2sk1gxtGodWG5pQNFG', 'C', 'Layton', 'Love', '1970-06-24'),
        ('dd6vojpk', '$2a$10$D8cDT2ro/w7MGrMsq4VgZOHQxAGCRhrDmgp2sk1gxtGodWG5pQNFG', 'C', 'Owain', 'Bond', '1970-12-15'),
        ('Paserio6y', '$2a$10$D8cDT2ro/w7MGrMsq4VgZOHQxAGCRhrDmgp2sk1gxtGodWG5pQNFG', 'C', 'Nikita', 'Hoffman', '1971-10-22'),
        ('shetilierridswl', '$2a$10$D8cDT2ro/w7MGrMsq4VgZOHQxAGCRhrDmgp2sk1gxtGodWG5pQNFG', 'C', 'Elizabeth', 'Obrien', '1974-04-24'),
        ('heteNeuxurl6c', '$2a$10$D8cDT2ro/w7MGrMsq4VgZOHQxAGCRhrDmgp2sk1gxtGodWG5pQNFG', 'C', 'Carol', 'Mayo', '1977-02-19'),
        ('sonitastylevg', '$2a$10$D8cDT2ro/w7MGrMsq4VgZOHQxAGCRhrDmgp2sk1gxtGodWG5pQNFG', 'C', 'Kezia', 'Todd', '1978-07-04'),
        ('l3g4ogo9', '$2a$10$D8cDT2ro/w7MGrMsq4VgZOHQxAGCRhrDmgp2sk1gxtGodWG5pQNFG', 'C', 'Pablo', 'Burton', '1979-03-20'),
        ('Brusottiwg', '$2a$10$D8cDT2ro/w7MGrMsq4VgZOHQxAGCRhrDmgp2sk1gxtGodWG5pQNFG', 'C', 'Belle', 'Lewis', '1979-05-05'),
        ('sambairesjz', '$2a$10$D8cDT2ro/w7MGrMsq4VgZOHQxAGCRhrDmgp2sk1gxtGodWG5pQNFG', 'C', 'May', 'Harrell', '1982-02-09'),
        ('limenciot', '$2a$10$D8cDT2ro/w7MGrMsq4VgZOHQxAGCRhrDmgp2sk1gxtGodWG5pQNFG', 'C', 'Asa', 'Waller', '1983-05-01'),
        ('Nilboppiltene78', '$2a$10$D8cDT2ro/w7MGrMsq4VgZOHQxAGCRhrDmgp2sk1gxtGodWG5pQNFG', 'C', 'Darragh', 'Lindsay', '1983-07-05'),
        ('Fehlwegmx', '$2a$10$D8cDT2ro/w7MGrMsq4VgZOHQxAGCRhrDmgp2sk1gxtGodWG5pQNFG', 'C', 'Rahim', 'Sweeney', '1986-10-30'),
        ('odontv6d', '$2a$10$D8cDT2ro/w7MGrMsq4VgZOHQxAGCRhrDmgp2sk1gxtGodWG5pQNFG', 'C', 'Ewan', 'Chen', '1991-01-08'),
        ('etherhoow5j', '$2a$10$D8cDT2ro/w7MGrMsq4VgZOHQxAGCRhrDmgp2sk1gxtGodWG5pQNFG', 'C', 'Alexandre', 'Jacobs', '1996-03-25'),
        ('talinnifr', '$2a$10$D8cDT2ro/w7MGrMsq4VgZOHQxAGCRhrDmgp2sk1gxtGodWG5pQNFG', 'C', 'Sophie', 'Dillon', '1996-07-28'),
        ('Cecilianipw', '$2a$10$D8cDT2ro/w7MGrMsq4VgZOHQxAGCRhrDmgp2sk1gxtGodWG5pQNFG', 'C', 'Hector', 'Orr', '1998-03-22'),
        ('mindebbenku', '$2a$10$D8cDT2ro/w7MGrMsq4VgZOHQxAGCRhrDmgp2sk1gxtGodWG5pQNFG', 'C', 'Archibald', 'Golden', '1999-07-07'),
        ('eth3rek', '$2a$10$D8cDT2ro/w7MGrMsq4VgZOHQxAGCRhrDmgp2sk1gxtGodWG5pQNFG', 'C', 'Izaak', 'Green', '1999-10-18'),
        ('turles77', '$2a$10$D8cDT2ro/w7MGrMsq4VgZOHQxAGCRhrDmgp2sk1gxtGodWG5pQNFG', 'C', 'Noor', 'Hensley', '1999-10-23'),
        ('mpyaqt', '$2a$10$D8cDT2ro/w7MGrMsq4VgZOHQxAGCRhrDmgp2sk1gxtGodWG5pQNFG', 'C', 'Maizie', 'Winters', '2001-12-18'),
        ('grisejantrq', '$2a$10$D8cDT2ro/w7MGrMsq4VgZOHQxAGCRhrDmgp2sk1gxtGodWG5pQNFG', 'C', 'Umar', 'Case', '2002-11-28'),
        ('brinktjt', '$2a$10$D8cDT2ro/w7MGrMsq4VgZOHQxAGCRhrDmgp2sk1gxtGodWG5pQNFG', 'C', 'Aneesa', 'Adkins', '1965-06-05'),
        ('refinduum', '$2a$10$D8cDT2ro/w7MGrMsq4VgZOHQxAGCRhrDmgp2sk1gxtGodWG5pQNFG', 'C', 'Sebastien', 'Parsons', '1966-07-25'),
        ('Mophosa0f', '$2a$10$D8cDT2ro/w7MGrMsq4VgZOHQxAGCRhrDmgp2sk1gxtGodWG5pQNFG', 'C', 'Orlando', 'Sosa', '1966-11-13'),
        ('honeyhugs0014da', '$2a$10$D8cDT2ro/w7MGrMsq4VgZOHQxAGCRhrDmgp2sk1gxtGodWG5pQNFG', 'C', 'Viola', 'Carpenter', '1968-09-15'),
        ('sikawkowyhp', '$2a$10$D8cDT2ro/w7MGrMsq4VgZOHQxAGCRhrDmgp2sk1gxtGodWG5pQNFG', 'C', 'Theodore', 'Harper', '1970-03-09'),
        ('duellowm', '$2a$10$D8cDT2ro/w7MGrMsq4VgZOHQxAGCRhrDmgp2sk1gxtGodWG5pQNFG', 'C', 'Alexia', 'Salinas', '1977-09-10'),
        ('milodareq0', '$2a$10$D8cDT2ro/w7MGrMsq4VgZOHQxAGCRhrDmgp2sk1gxtGodWG5pQNFG', 'C', 'Harriet', 'Mcgowan', '1978-12-21'),
        ('teamandino1g', '$2a$10$D8cDT2ro/w7MGrMsq4VgZOHQxAGCRhrDmgp2sk1gxtGodWG5pQNFG', 'C', 'Summer', 'Reyes', '1979-11-05'),
        ('d5h4ein', '$2a$10$D8cDT2ro/w7MGrMsq4VgZOHQxAGCRhrDmgp2sk1gxtGodWG5pQNFG', 'C', 'Iris', 'Morales', '1983-10-08'),
        ('unschuldez', '$2a$10$D8cDT2ro/w7MGrMsq4VgZOHQxAGCRhrDmgp2sk1gxtGodWG5pQNFG', 'C', 'Tanya', 'Maldonado', '1983-12-23'),
        ('o2t1t4j', '$2a$10$D8cDT2ro/w7MGrMsq4VgZOHQxAGCRhrDmgp2sk1gxtGodWG5pQNFG', 'C', 'Ivan', 'Simpson', '1984-02-27'),
        ('kwegerezaps', '$2a$10$D8cDT2ro/w7MGrMsq4VgZOHQxAGCRhrDmgp2sk1gxtGodWG5pQNFG', 'C', 'Roosevelt', 'Beard', '1986-02-15'),
        ('gozdover9', '$2a$10$D8cDT2ro/w7MGrMsq4VgZOHQxAGCRhrDmgp2sk1gxtGodWG5pQNFG', 'C', 'Lily-Mae', 'Pham', '1987-09-03'),
        ('wuchau6c', '$2a$10$D8cDT2ro/w7MGrMsq4VgZOHQxAGCRhrDmgp2sk1gxtGodWG5pQNFG', 'C', 'Scarlet', 'Wyatt', '1989-06-18'),
        ('hinniktl', '$2a$10$D8cDT2ro/w7MGrMsq4VgZOHQxAGCRhrDmgp2sk1gxtGodWG5pQNFG', 'C', 'Tanisha', 'Goodman', '1993-04-26'),
        ('syzane57', '$2a$10$D8cDT2ro/w7MGrMsq4VgZOHQxAGCRhrDmgp2sk1gxtGodWG5pQNFG', 'C', 'Emilio', 'Cooper', '1993-08-18'),
        ('slither7a', '$2a$10$D8cDT2ro/w7MGrMsq4VgZOHQxAGCRhrDmgp2sk1gxtGodWG5pQNFG', 'C', 'Kaiden', 'Vega', '1993-09-07'),
        ('wybyddech8k', '$2a$10$D8cDT2ro/w7MGrMsq4VgZOHQxAGCRhrDmgp2sk1gxtGodWG5pQNFG', 'C', 'Josie', 'Frye', '1996-08-21'),
        ('l0ne1y4znj1', '$2a$10$D8cDT2ro/w7MGrMsq4VgZOHQxAGCRhrDmgp2sk1gxtGodWG5pQNFG', 'C', 'Ali', 'Mcmillan', '1996-09-16'),
        ('teamandino7i', '$2a$10$D8cDT2ro/w7MGrMsq4VgZOHQxAGCRhrDmgp2sk1gxtGodWG5pQNFG', 'C', 'Bobby', 'Dale', '1997-03-15'),
        ('wubanidb', '$2a$10$D8cDT2ro/w7MGrMsq4VgZOHQxAGCRhrDmgp2sk1gxtGodWG5pQNFG', 'C', 'Ashton', 'Thomson', '1997-04-20'),
        ('elepEnvipeu', '$2a$10$D8cDT2ro/w7MGrMsq4VgZOHQxAGCRhrDmgp2sk1gxtGodWG5pQNFG', 'C', 'Will', 'House', '1997-09-08'),
        ('Pianezzigs', '$2a$10$D8cDT2ro/w7MGrMsq4VgZOHQxAGCRhrDmgp2sk1gxtGodWG5pQNFG', 'C', 'Rishi', 'Russell', '1998-06-17'),
        ('dodatnogif', '$2a$10$D8cDT2ro/w7MGrMsq4VgZOHQxAGCRhrDmgp2sk1gxtGodWG5pQNFG', 'C', 'Martina', 'Hardy', '1999-12-09'),
        ('lizann114a2', '$2a$10$D8cDT2ro/w7MGrMsq4VgZOHQxAGCRhrDmgp2sk1gxtGodWG5pQNFG', 'C', 'Evangeline', 'Haney', '2000-08-02'),
        ('pierzare2r', '$2a$10$D8cDT2ro/w7MGrMsq4VgZOHQxAGCRhrDmgp2sk1gxtGodWG5pQNFG', 'C', 'Aayan', 'Montes', '1966-03-04'),
        ('harzgauh4', '$2a$10$D8cDT2ro/w7MGrMsq4VgZOHQxAGCRhrDmgp2sk1gxtGodWG5pQNFG', 'C', 'Wayne', 'Dennis', '1966-04-08'),
        ('jpbernardinm4', '$2a$10$D8cDT2ro/w7MGrMsq4VgZOHQxAGCRhrDmgp2sk1gxtGodWG5pQNFG', 'C', 'Zaara', 'Blair', '1966-05-26'),
        ('Naturalob', '$2a$10$D8cDT2ro/w7MGrMsq4VgZOHQxAGCRhrDmgp2sk1gxtGodWG5pQNFG', 'C', 'Aled', 'Ponce', '1968-09-16'),
        ('memateri6i', '$2a$10$D8cDT2ro/w7MGrMsq4VgZOHQxAGCRhrDmgp2sk1gxtGodWG5pQNFG', 'C', 'Ellie-Mae', 'Simpson', '1969-04-20'),
        ('garbatkapn', '$2a$10$D8cDT2ro/w7MGrMsq4VgZOHQxAGCRhrDmgp2sk1gxtGodWG5pQNFG', 'C', 'Julian', 'Barr', '1971-09-25'),
        ('stentatogg', '$2a$10$D8cDT2ro/w7MGrMsq4VgZOHQxAGCRhrDmgp2sk1gxtGodWG5pQNFG', 'C', 'Natalia', 'Terry', '1974-06-16'),
        ('jlsdownloads0u', '$2a$10$D8cDT2ro/w7MGrMsq4VgZOHQxAGCRhrDmgp2sk1gxtGodWG5pQNFG', 'C', 'Mya', 'Ware', '1974-12-02'),
        ('tarddell4g', '$2a$10$D8cDT2ro/w7MGrMsq4VgZOHQxAGCRhrDmgp2sk1gxtGodWG5pQNFG', 'C', 'Richie', 'Wilson', '1977-03-25'),
        ('waqinisacf', '$2a$10$D8cDT2ro/w7MGrMsq4VgZOHQxAGCRhrDmgp2sk1gxtGodWG5pQNFG', 'C', 'Aoife', 'Warner', '1977-12-26'),
        ('polistila72', '$2a$10$D8cDT2ro/w7MGrMsq4VgZOHQxAGCRhrDmgp2sk1gxtGodWG5pQNFG', 'C', 'Bessie', 'Bonilla', '1978-08-18'),
        ('Zillayw', '$2a$10$D8cDT2ro/w7MGrMsq4VgZOHQxAGCRhrDmgp2sk1gxtGodWG5pQNFG', 'C', 'Abi', 'Morrow', '1979-01-01'),
        ('horucatzbh', '$2a$10$D8cDT2ro/w7MGrMsq4VgZOHQxAGCRhrDmgp2sk1gxtGodWG5pQNFG', 'C', 'Dillon', 'Kane', '1980-09-18'),
        ('regroparyl', '$2a$10$D8cDT2ro/w7MGrMsq4VgZOHQxAGCRhrDmgp2sk1gxtGodWG5pQNFG', 'C', 'Keiran', 'Mercado', '1981-04-13'),
        ('xuntaka8b', '$2a$10$D8cDT2ro/w7MGrMsq4VgZOHQxAGCRhrDmgp2sk1gxtGodWG5pQNFG', 'C', 'Qasim', 'Park', '1984-04-19'),
        ('Bertullo78', '$2a$10$D8cDT2ro/w7MGrMsq4VgZOHQxAGCRhrDmgp2sk1gxtGodWG5pQNFG', 'C', 'Kristian', 'Murphy', '1985-03-09'),
        ('aboshallw1', '$2a$10$D8cDT2ro/w7MGrMsq4VgZOHQxAGCRhrDmgp2sk1gxtGodWG5pQNFG', 'C', 'Lennox', 'Mcneil', '1985-11-27'),
        ('vamplinajt', '$2a$10$D8cDT2ro/w7MGrMsq4VgZOHQxAGCRhrDmgp2sk1gxtGodWG5pQNFG', 'C', 'Roy', 'Osborne', '1989-04-15'),
        ('saphiney', '$2a$10$D8cDT2ro/w7MGrMsq4VgZOHQxAGCRhrDmgp2sk1gxtGodWG5pQNFG', 'C', 'Cian', 'Torres', '1989-05-05'),
        ('poszter85', '$2a$10$D8cDT2ro/w7MGrMsq4VgZOHQxAGCRhrDmgp2sk1gxtGodWG5pQNFG', 'C', 'Derek', 'Terrell', '1991-05-02'),
        ('Surrinuexturab5', '$2a$10$D8cDT2ro/w7MGrMsq4VgZOHQxAGCRhrDmgp2sk1gxtGodWG5pQNFG', 'C', 'Sian', 'Hayden', '1991-07-18'),
        ('hominahominaqd', '$2a$10$D8cDT2ro/w7MGrMsq4VgZOHQxAGCRhrDmgp2sk1gxtGodWG5pQNFG', 'C', 'Amna', 'Rivas', '1994-06-10'),
        ('mundofeliz05', '$2a$10$D8cDT2ro/w7MGrMsq4VgZOHQxAGCRhrDmgp2sk1gxtGodWG5pQNFG', 'C', 'Mohamad', 'Potts', '1998-11-27'),
        ('gantellex', '$2a$10$D8cDT2ro/w7MGrMsq4VgZOHQxAGCRhrDmgp2sk1gxtGodWG5pQNFG', 'C', 'Ahmed', 'Moore', '2000-10-20'),
        ('criptonsnw', '$2a$10$D8cDT2ro/w7MGrMsq4VgZOHQxAGCRhrDmgp2sk1gxtGodWG5pQNFG', 'C', 'Kareem', 'Moon', '2001-08-29'),
        ('votesuicidet8', '$2a$10$D8cDT2ro/w7MGrMsq4VgZOHQxAGCRhrDmgp2sk1gxtGodWG5pQNFG', 'C', 'Liberty', 'Simon', '1965-10-18'),
        ('ukuphangal1', '$2a$10$D8cDT2ro/w7MGrMsq4VgZOHQxAGCRhrDmgp2sk1gxtGodWG5pQNFG', 'C', 'Tiago', 'Rollins', '1966-08-15'),
        ('voorry82', '$2a$10$D8cDT2ro/w7MGrMsq4VgZOHQxAGCRhrDmgp2sk1gxtGodWG5pQNFG', 'C', 'Kathryn', 'Sherman', '1969-06-22'),
        ('unatakiwatn', '$2a$10$D8cDT2ro/w7MGrMsq4VgZOHQxAGCRhrDmgp2sk1gxtGodWG5pQNFG', 'C', 'Velma', 'Prince', '1972-06-05'),
        ('c2ul2ide', '$2a$10$D8cDT2ro/w7MGrMsq4VgZOHQxAGCRhrDmgp2sk1gxtGodWG5pQNFG', 'C', 'Mila', 'Snow', '1974-08-06'),
        ('endolarsjt', '$2a$10$D8cDT2ro/w7MGrMsq4VgZOHQxAGCRhrDmgp2sk1gxtGodWG5pQNFG', 'C', 'Archie', 'Fernandez', '1975-03-18'),
        ('aitionnwv', '$2a$10$D8cDT2ro/w7MGrMsq4VgZOHQxAGCRhrDmgp2sk1gxtGodWG5pQNFG', 'C', 'Dylan', 'Hodges', '1975-09-10'),
        ('Balkanees6q', '$2a$10$D8cDT2ro/w7MGrMsq4VgZOHQxAGCRhrDmgp2sk1gxtGodWG5pQNFG', 'C', 'Rohan', 'Mendez', '1976-02-05'),
        ('panotourtk', '$2a$10$D8cDT2ro/w7MGrMsq4VgZOHQxAGCRhrDmgp2sk1gxtGodWG5pQNFG', 'C', 'Leena', 'Gibbons', '1977-09-10'),
        ('algrundab9', '$2a$10$D8cDT2ro/w7MGrMsq4VgZOHQxAGCRhrDmgp2sk1gxtGodWG5pQNFG', 'C', 'Hussein', 'Dean', '1978-09-15'),
        ('athenamericam3', '$2a$10$D8cDT2ro/w7MGrMsq4VgZOHQxAGCRhrDmgp2sk1gxtGodWG5pQNFG', 'C', 'Sasha', 'Mcpherson', '1982-01-26'),
        ('ciontk6', '$2a$10$D8cDT2ro/w7MGrMsq4VgZOHQxAGCRhrDmgp2sk1gxtGodWG5pQNFG', 'C', 'Wendy', 'Myers', '1984-04-12'),
        ('ystarnauva', '$2a$10$D8cDT2ro/w7MGrMsq4VgZOHQxAGCRhrDmgp2sk1gxtGodWG5pQNFG', 'C', 'Soraya', 'Gonzalez', '1984-10-24'),
        ('Trennbachn2', '$2a$10$D8cDT2ro/w7MGrMsq4VgZOHQxAGCRhrDmgp2sk1gxtGodWG5pQNFG', 'C', 'Delilah', 'Gamble', '1985-11-07'),
        ('misionary62', '$2a$10$D8cDT2ro/w7MGrMsq4VgZOHQxAGCRhrDmgp2sk1gxtGodWG5pQNFG', 'C', 'Darius', 'Page', '1986-03-07'),
        ('kamyuenwi', '$2a$10$D8cDT2ro/w7MGrMsq4VgZOHQxAGCRhrDmgp2sk1gxtGodWG5pQNFG', 'C', 'Marnie', 'Schneider', '1987-04-04'),
        ('omsmedingx4', '$2a$10$D8cDT2ro/w7MGrMsq4VgZOHQxAGCRhrDmgp2sk1gxtGodWG5pQNFG', 'C', 'Ross', 'Vargas', '1987-07-07'),
        ('Camelinj6', '$2a$10$D8cDT2ro/w7MGrMsq4VgZOHQxAGCRhrDmgp2sk1gxtGodWG5pQNFG', 'C', 'Maja', 'Rojas', '1992-01-21'),
        ('arrutants2g', '$2a$10$D8cDT2ro/w7MGrMsq4VgZOHQxAGCRhrDmgp2sk1gxtGodWG5pQNFG', 'C', 'Brandon', 'Sweeney', '1993-05-27'),
        ('Veglja0r', '$2a$10$D8cDT2ro/w7MGrMsq4VgZOHQxAGCRhrDmgp2sk1gxtGodWG5pQNFG', 'C', 'Beatrice', 'Farrell', '1993-06-13'),
        ('shinigamicmuk', '$2a$10$D8cDT2ro/w7MGrMsq4VgZOHQxAGCRhrDmgp2sk1gxtGodWG5pQNFG', 'C', 'Nathan', 'Galvan', '1995-01-21'),
        ('grearterbjp', '$2a$10$D8cDT2ro/w7MGrMsq4VgZOHQxAGCRhrDmgp2sk1gxtGodWG5pQNFG', 'C', 'Kaylee', 'Buchanan', '1997-10-30'),
        ('desaugarj7', '$2a$10$D8cDT2ro/w7MGrMsq4VgZOHQxAGCRhrDmgp2sk1gxtGodWG5pQNFG', 'C', 'Jamal', 'Serrano', '1998-07-15'),
        ('cememezc', '$2a$10$D8cDT2ro/w7MGrMsq4VgZOHQxAGCRhrDmgp2sk1gxtGodWG5pQNFG', 'C', 'Zuzanna', 'Stevens', '2000-02-26'),
        ('andreadinkelhu', '$2a$10$D8cDT2ro/w7MGrMsq4VgZOHQxAGCRhrDmgp2sk1gxtGodWG5pQNFG', 'C', 'Ariana', 'Mack', '2002-12-17'),
        ('rangskikrm', '$2a$10$D8cDT2ro/w7MGrMsq4VgZOHQxAGCRhrDmgp2sk1gxtGodWG5pQNFG', 'C', 'Dulcie', 'Suarez', '1965-04-02'),
        ('Bergwartp2', '$2a$10$D8cDT2ro/w7MGrMsq4VgZOHQxAGCRhrDmgp2sk1gxtGodWG5pQNFG', 'C', 'Eesa', 'Koch', '1965-12-29'),
        ('RefsPlallCiseea', '$2a$10$D8cDT2ro/w7MGrMsq4VgZOHQxAGCRhrDmgp2sk1gxtGodWG5pQNFG', 'C', 'Carmen', 'Williams', '1967-03-31'),
        ('uplatnicer9', '$2a$10$D8cDT2ro/w7MGrMsq4VgZOHQxAGCRhrDmgp2sk1gxtGodWG5pQNFG', 'C', 'Deanna', 'Swanson', '1969-05-13'),
        ('sebscottg1', '$2a$10$D8cDT2ro/w7MGrMsq4VgZOHQxAGCRhrDmgp2sk1gxtGodWG5pQNFG', 'C', 'Libbie', 'Wagner', '1969-05-19'),
        ('krioktidw', '$2a$10$D8cDT2ro/w7MGrMsq4VgZOHQxAGCRhrDmgp2sk1gxtGodWG5pQNFG', 'C', 'Mike', 'French', '1971-02-08'),
        ('jobtimisemj', '$2a$10$D8cDT2ro/w7MGrMsq4VgZOHQxAGCRhrDmgp2sk1gxtGodWG5pQNFG', 'C', 'Polly', 'Valentine', '1974-08-03'),
        ('exeliweyov2', '$2a$10$D8cDT2ro/w7MGrMsq4VgZOHQxAGCRhrDmgp2sk1gxtGodWG5pQNFG', 'C', 'Simeon', 'Gonzales', '1975-09-06'),
        ('2r1elvnnw', '$2a$10$D8cDT2ro/w7MGrMsq4VgZOHQxAGCRhrDmgp2sk1gxtGodWG5pQNFG', 'C', 'Amira', 'Cannon', '1976-10-08'),
        ('Ljubicamly', '$2a$10$D8cDT2ro/w7MGrMsq4VgZOHQxAGCRhrDmgp2sk1gxtGodWG5pQNFG', 'C', 'Dalton', 'Levine', '1977-11-15'),
        ('bumerangwr', '$2a$10$D8cDT2ro/w7MGrMsq4VgZOHQxAGCRhrDmgp2sk1gxtGodWG5pQNFG', 'C', 'Edgar', 'Arroyo', '1978-04-17'),
        ('bwxaudreyvp', '$2a$10$D8cDT2ro/w7MGrMsq4VgZOHQxAGCRhrDmgp2sk1gxtGodWG5pQNFG', 'C', 'Kenneth', 'Nichols', '1978-09-24'),
        ('mcvclubb6', '$2a$10$D8cDT2ro/w7MGrMsq4VgZOHQxAGCRhrDmgp2sk1gxtGodWG5pQNFG', 'C', 'Talia', 'Sims', '1979-10-31'),
        ('Erzarjevq3', '$2a$10$D8cDT2ro/w7MGrMsq4VgZOHQxAGCRhrDmgp2sk1gxtGodWG5pQNFG', 'C', 'May', 'Lin', '1980-04-26'),
        ('Adolergerrurna7', '$2a$10$D8cDT2ro/w7MGrMsq4VgZOHQxAGCRhrDmgp2sk1gxtGodWG5pQNFG', 'C', 'Aaryan', 'Moreno', '1983-04-09'),
        ('mlaznih2y', '$2a$10$D8cDT2ro/w7MGrMsq4VgZOHQxAGCRhrDmgp2sk1gxtGodWG5pQNFG', 'C', 'Poppie', 'Landry', '1985-10-02'),
        ('mrhamidt', '$2a$10$D8cDT2ro/w7MGrMsq4VgZOHQxAGCRhrDmgp2sk1gxtGodWG5pQNFG', 'C', 'Alec', 'Vincent', '1987-01-05'),
        ('stacyweber7a', '$2a$10$D8cDT2ro/w7MGrMsq4VgZOHQxAGCRhrDmgp2sk1gxtGodWG5pQNFG', 'C', 'Ashton', 'Castro', '1991-02-03'),
        ('Startsiloal', '$2a$10$D8cDT2ro/w7MGrMsq4VgZOHQxAGCRhrDmgp2sk1gxtGodWG5pQNFG', 'C', 'Tammy', 'Moody', '1991-05-31'),
        ('Jaidayexavaf2', '$2a$10$D8cDT2ro/w7MGrMsq4VgZOHQxAGCRhrDmgp2sk1gxtGodWG5pQNFG', 'C', 'Hugh', 'Townsend', '1994-03-12'),
        ('neslomivad9', '$2a$10$D8cDT2ro/w7MGrMsq4VgZOHQxAGCRhrDmgp2sk1gxtGodWG5pQNFG', 'C', 'Angelo', 'Hutchinson', '1994-09-07'),
        ('talmudean5v', '$2a$10$D8cDT2ro/w7MGrMsq4VgZOHQxAGCRhrDmgp2sk1gxtGodWG5pQNFG', 'C', 'Bronte', 'Marsh', '1995-08-14'),
        ('sintetskauu', '$2a$10$D8cDT2ro/w7MGrMsq4VgZOHQxAGCRhrDmgp2sk1gxtGodWG5pQNFG', 'C', 'Naomi', 'Stuart', '1996-06-20'),
        ('oziacop2', '$2a$10$D8cDT2ro/w7MGrMsq4VgZOHQxAGCRhrDmgp2sk1gxtGodWG5pQNFG', 'C', 'Russell', 'Ingram', '1998-07-16'),
        ('Apexcv', '$2a$10$D8cDT2ro/w7MGrMsq4VgZOHQxAGCRhrDmgp2sk1gxtGodWG5pQNFG', 'C', 'Kadie', 'Pitts', '1998-11-15'),
        ('soyyoporahoranq', '$2a$10$D8cDT2ro/w7MGrMsq4VgZOHQxAGCRhrDmgp2sk1gxtGodWG5pQNFG', 'C', 'Brendon', 'Callahan', '1965-02-09'),
        ('enmaderarsu', '$2a$10$D8cDT2ro/w7MGrMsq4VgZOHQxAGCRhrDmgp2sk1gxtGodWG5pQNFG', 'C', 'Pippa', 'Benjamin', '1967-06-28'),
        ('ademorganekn', '$2a$10$D8cDT2ro/w7MGrMsq4VgZOHQxAGCRhrDmgp2sk1gxtGodWG5pQNFG', 'C', 'Savanna', 'Peterson', '1967-09-17'),
        ('CitolaloKag0z', '$2a$10$D8cDT2ro/w7MGrMsq4VgZOHQxAGCRhrDmgp2sk1gxtGodWG5pQNFG', 'C', 'Uzair', 'Graves', '1967-11-11'),
        ('armelle1502768k', '$2a$10$D8cDT2ro/w7MGrMsq4VgZOHQxAGCRhrDmgp2sk1gxtGodWG5pQNFG', 'C', 'Eric', 'Lara', '1969-04-16'),
        ('3poul93', '$2a$10$D8cDT2ro/w7MGrMsq4VgZOHQxAGCRhrDmgp2sk1gxtGodWG5pQNFG', 'C', 'Roman', 'Orr', '1969-06-12'),
        ('taktycyzm6s', '$2a$10$D8cDT2ro/w7MGrMsq4VgZOHQxAGCRhrDmgp2sk1gxtGodWG5pQNFG', 'C', 'Romeo', 'Norris', '1972-02-02'),
        ('arrakeLorledyt6', '$2a$10$D8cDT2ro/w7MGrMsq4VgZOHQxAGCRhrDmgp2sk1gxtGodWG5pQNFG', 'C', 'Sara', 'Baldwin', '1973-11-25'),
        ('Keferydayrc', '$2a$10$D8cDT2ro/w7MGrMsq4VgZOHQxAGCRhrDmgp2sk1gxtGodWG5pQNFG', 'C', 'Keyaan', 'Oneal', '1974-04-13'),
        ('2ng3ar1tigj', '$2a$10$D8cDT2ro/w7MGrMsq4VgZOHQxAGCRhrDmgp2sk1gxtGodWG5pQNFG', 'C', 'Roger', 'Downs', '1975-08-31'),
        ('szpitalcl', '$2a$10$D8cDT2ro/w7MGrMsq4VgZOHQxAGCRhrDmgp2sk1gxtGodWG5pQNFG', 'C', 'Amaya', 'Winters', '1977-12-12'),
        ('msonde3h', '$2a$10$D8cDT2ro/w7MGrMsq4VgZOHQxAGCRhrDmgp2sk1gxtGodWG5pQNFG', 'C', 'Kevin', 'Keller', '1978-11-25'),
        ('BepExpawBlafer9', '$2a$10$D8cDT2ro/w7MGrMsq4VgZOHQxAGCRhrDmgp2sk1gxtGodWG5pQNFG', 'C', 'Cayden', 'Steele', '1981-11-01'),
        ('Filitiop', '$2a$10$D8cDT2ro/w7MGrMsq4VgZOHQxAGCRhrDmgp2sk1gxtGodWG5pQNFG', 'C', 'Ashleigh', 'Wright', '1983-01-01'),
        ('Torkangk', '$2a$10$D8cDT2ro/w7MGrMsq4VgZOHQxAGCRhrDmgp2sk1gxtGodWG5pQNFG', 'C', 'Madeleine', 'Alvarado', '1983-01-29'),
        ('Occalpalsb9', '$2a$10$D8cDT2ro/w7MGrMsq4VgZOHQxAGCRhrDmgp2sk1gxtGodWG5pQNFG', 'C', 'Cordelia', 'Carlson', '1984-04-18'),
        ('alinai20r7', '$2a$10$D8cDT2ro/w7MGrMsq4VgZOHQxAGCRhrDmgp2sk1gxtGodWG5pQNFG', 'C', 'Noor', 'Sutton', '1984-12-27'),
        ('armecairaks', '$2a$10$D8cDT2ro/w7MGrMsq4VgZOHQxAGCRhrDmgp2sk1gxtGodWG5pQNFG', 'C', 'Gladys', 'Velasquez', '1986-11-09'),
        ('asempratjq', '$2a$10$D8cDT2ro/w7MGrMsq4VgZOHQxAGCRhrDmgp2sk1gxtGodWG5pQNFG', 'C', 'Ty', 'Dixon', '1990-01-13'),
        ('ls1hpn', '$2a$10$D8cDT2ro/w7MGrMsq4VgZOHQxAGCRhrDmgp2sk1gxtGodWG5pQNFG', 'C', 'Courtney', 'Bryan', '1995-08-17'),
        ('gianfelinotx', '$2a$10$D8cDT2ro/w7MGrMsq4VgZOHQxAGCRhrDmgp2sk1gxtGodWG5pQNFG', 'C', 'Samantha', 'Woodard', '1996-11-28'),
        ('test.client', '$2a$10$D8cDT2ro/w7MGrMsq4VgZOHQxAGCRhrDmgp2sk1gxtGodWG5pQNFG', 'C', 'name', 'surname', '2000-01-01'),
        ('test.employee', '$2a$10$D8cDT2ro/w7MGrMsq4VgZOHQxAGCRhrDmgp2sk1gxtGodWG5pQNFG', 'E', null, null, null);

insert into tickets (user_id, seat_number, wagon_number, train_number, schedule_id)
values  (1, 17, 1, 105, 6),
        (2, 11, 1, 105, 6),
        (3, 15, 1, 105, 6),
        (4, 20, 2, 104, 5),
        (5, 12, 1, 105, 6),
        (6, 23, 2, 104, 5),
        (7, 16, 1, 105, 6),
        (8, 13, 1, 105, 6),
        (9, 2, 1, 105, 6),
        (10, 14, 1, 105, 6),
        (11, 3, 1, 105, 6),
        (12, 1, 1, 105, 6),
        (13, 22, 2, 104, 5),
        (14, 24, 2, 104, 5),
        (15, 4, 1, 105, 6),
        (16, 21, 2, 104, 5),
        (17, 18, 1, 105, 6),
        (18, 14, 3, 101, 2),
        (19, 13, 1, 205, 11),
        (20, 11, 1, 203, 9),
        (21, 13, 2, 205, 11),
        (22, 2, 1, 203, 9),
        (23, 10, 1, 202, 8),
        (24, 19, 2, 100, 1),
        (25, 19, 2, 101, 2),
        (26, 10, 2, 106, 7),
        (27, 6, 1, 205, 11),
        (28, 16, 1, 204, 10),
        (29, 10, 3, 102, 3),
        (30, 15, 2, 203, 9),
        (31, 7, 1, 202, 8),
        (32, 21, 1, 203, 9),
        (33, 10, 3, 101, 2),
        (34, 18, 2, 100, 1),
        (35, 18, 1, 100, 1),
        (36, 21, 2, 105, 6),
        (37, 1, 1, 100, 1),
        (38, 12, 1, 203, 9),
        (39, 12, 1, 202, 8),
        (40, 6, 1, 100, 1),
        (41, 5, 2, 100, 1),
        (42, 20, 2, 105, 6),
        (43, 5, 1, 105, 6),
        (44, 6, 1, 101, 2),
        (45, 2, 1, 100, 1),
        (46, 2, 1, 101, 2),
        (47, 23, 1, 101, 2),
        (48, 24, 1, 102, 3),
        (49, 15, 2, 101, 2),
        (50, 22, 1, 100, 1),
        (51, 6, 3, 102, 3),
        (52, 4, 1, 204, 10),
        (53, 23, 1, 102, 3),
        (54, 9, 1, 203, 9),
        (55, 8, 1, 203, 9),
        (56, 8, 1, 202, 8),
        (57, 5, 1, 101, 2),
        (58, 20, 1, 202, 8),
        (59, 5, 1, 100, 1),
        (60, 4, 1, 205, 11),
        (61, 8, 2, 106, 7),
        (62, 8, 1, 100, 1),
        (63, 4, 1, 203, 9),
        (64, 9, 1, 101, 2),
        (65, 16, 2, 105, 6),
        (66, 1, 2, 102, 3),
        (67, 1, 2, 100, 1),
        (68, 7, 1, 100, 1),
        (69, 1, 2, 101, 2),
        (70, 2, 2, 101, 2),
        (71, 2, 2, 100, 1),
        (72, 7, 1, 203, 9),
        (73, 6, 1, 105, 6),
        (74, 24, 1, 100, 1),
        (75, 11, 2, 106, 7),
        (76, 18, 1, 204, 10),
        (77, 7, 1, 105, 6),
        (78, 17, 2, 100, 1),
        (79, 1, 1, 204, 10),
        (80, 20, 1, 203, 9),
        (81, 10, 1, 101, 2),
        (82, 21, 1, 102, 3),
        (83, 2, 2, 203, 9),
        (84, 22, 1, 101, 2),
        (85, 4, 1, 100, 1),
        (86, 16, 1, 205, 11),
        (87, 7, 3, 102, 3),
        (88, 11, 1, 205, 11),
        (89, 19, 1, 100, 1),
        (90, 7, 2, 100, 1),
        (91, 21, 1, 100, 1),
        (92, 12, 1, 205, 11),
        (93, 2, 1, 204, 10),
        (94, 14, 1, 104, 5),
        (95, 18, 2, 101, 2),
        (96, 17, 2, 102, 3),
        (97, 14, 1, 100, 1),
        (98, 10, 1, 203, 9),
        (99, 5, 2, 203, 9),
        (100, 3, 1, 203, 9),
        (101, 16, 2, 100, 1),
        (102, 15, 3, 101, 2),
        (103, 15, 2, 102, 3),
        (104, 12, 1, 101, 2),
        (105, 16, 2, 102, 3),
        (106, 19, 1, 202, 8),
        (107, 5, 2, 205, 11),
        (108, 4, 2, 100, 1),
        (109, 3, 1, 205, 11),
        (110, 15, 1, 100, 1),
        (111, 20, 1, 204, 10),
        (112, 20, 1, 100, 1),
        (113, 20, 2, 100, 1),
        (114, 9, 1, 202, 8),
        (115, 8, 1, 105, 6),
        (116, 9, 3, 102, 3),
        (117, 19, 2, 105, 6),
        (118, 17, 1, 100, 1),
        (119, 3, 1, 101, 2),
        (120, 14, 2, 205, 11),
        (121, 1, 1, 205, 11),
        (122, 12, 1, 104, 5),
        (123, 8, 2, 100, 1),
        (124, 10, 1, 105, 6),
        (125, 4, 2, 205, 11),
        (126, 4, 1, 102, 3),
        (127, 2, 2, 205, 11),
        (128, 19, 1, 204, 10),
        (129, 1, 2, 203, 9),
        (130, 11, 1, 100, 1),
        (131, 21, 1, 101, 2),
        (132, 1, 2, 205, 11),
        (133, 20, 2, 102, 3),
        (134, 20, 1, 102, 3),
        (135, 11, 1, 104, 5),
        (136, 9, 1, 100, 1),
        (137, 15, 1, 204, 10),
        (138, 22, 1, 203, 9),
        (139, 7, 1, 102, 3),
        (140, 6, 1, 102, 3),
        (141, 16, 1, 100, 1),
        (142, 15, 2, 205, 11),
        (143, 3, 2, 203, 9),
        (144, 7, 1, 101, 2),
        (145, 5, 1, 205, 11),
        (146, 12, 2, 205, 11),
        (147, 3, 2, 205, 11),
        (148, 2, 1, 205, 11),
        (149, 16, 2, 203, 9),
        (150, 4, 2, 203, 9),
        (151, 9, 1, 105, 6),
        (152, 8, 1, 101, 2),
        (153, 5, 1, 102, 3),
        (154, 8, 1, 102, 3),
        (155, 9, 1, 104, 5),
        (156, 11, 3, 101, 2),
        (157, 12, 1, 100, 1),
        (158, 24, 1, 203, 9),
        (159, 13, 2, 106, 7),
        (160, 23, 1, 203, 9),
        (161, 11, 1, 202, 8),
        (162, 6, 2, 100, 1),
        (163, 17, 2, 105, 6),
        (164, 22, 1, 102, 3),
        (165, 9, 2, 106, 7),
        (166, 1, 1, 101, 2),
        (167, 13, 3, 101, 2),
        (168, 23, 1, 100, 1),
        (169, 18, 2, 105, 6),
        (170, 24, 1, 101, 2),
        (171, 3, 1, 102, 3),
        (172, 5, 3, 102, 3),
        (173, 20, 2, 101, 2),
        (174, 18, 2, 102, 3),
        (175, 8, 3, 102, 3),
        (176, 15, 2, 100, 1),
        (177, 12, 3, 101, 2),
        (178, 15, 1, 205, 11),
        (179, 14, 1, 205, 11),
        (180, 11, 1, 101, 2),
        (181, 3, 2, 100, 1),
        (182, 17, 1, 204, 10),
        (183, 19, 1, 203, 9),
        (184, 10, 1, 104, 5),
        (185, 13, 1, 104, 5),
        (186, 24, 1, 205, 11),
        (187, 1, 1, 203, 9),
        (188, 16, 2, 101, 2),
        (189, 3, 1, 204, 10),
        (190, 4, 1, 101, 2),
        (191, 3, 1, 100, 1),
        (192, 19, 2, 102, 3),
        (193, 10, 1, 100, 1),
        (194, 13, 1, 100, 1),
        (195, 16, 2, 205, 11),
        (196, 17, 2, 101, 2);