insert into station (station_id, name)
values  (1, 'Madrid'),
        (2, 'Granada'),
        (3, 'Valencia');

insert into train (train_id, number)
values  (1, 100),
        (2, 101),
        (3, 102),
        (4, 103),
        (5, 104),
        (6, 105),
        (7, 106),
        (8, 202),
        (9, 203),
        (10, 204),
        (11, 205),
        (12, 206),
        (13, 207),
        (14, 208),
        (15, 300),
        (16, 301),
        (17, 302),
        (18, 303),
        (19, 304),
        (20, 400);

insert into schedule (schedule_id, train_number, start_station_id, end_station_id, departure_time, arrival_time)
values  (1, 100, 1, 2, '08:30:00', '12:00:00'),
        (2, 101, 1, 2, '10:30:00', '14:00:00'),
        (3, 102, 1, 2, '16:30:00', '20:00:00'),
        (4, 103, 1, 2, '19:30:00', '21:00:00'),
        (5, 104, 1, 3, '08:30:00', '11:30:00'),
        (6, 105, 1, 3, '10:30:00', '13:30:00'),
        (7, 106, 1, 3, '17:30:00', '20:30:00'),
        (8, 202, 2, 1, '16:00:00', '19:30:00'),
        (9, 203, 2, 1, '18:00:00', '21:30:00'),
        (10, 204, 2, 3, '08:30:00', '13:00:00'),
        (11, 205, 2, 3, '10:30:00', '15:00:00'),
        (12, 206, 2, 3, '13:00:00', '17:30:00'),
        (13, 207, 2, 3, '16:00:00', '20:30:00'),
        (14, 208, 2, 3, '19:00:00', '23:30:00'),
        (15, 300, 3, 1, '08:30:00', '11:30:00'),
        (16, 301, 3, 1, '10:30:00', '13:30:00'),
        (17, 302, 3, 1, '16:30:00', '19:30:00'),
        (18, 303, 3, 1, '19:30:00', '22:30:00'),
        (19, 304, 3, 2, '16:00:00', '20:30:00'),
        (20, 400, 3, 2, '18:00:00', '22:30:00');

insert into wagon (wagon_number, train_number, seat_count, seat_per_row)
values  (1, 100, 24, 4),
        (2, 100, 24, 4),
        (3, 100, 24, 4),
        (1, 101, 24, 4),
        (2, 101, 24, 4),
        (3, 101, 24, 4),
        (1, 102, 24, 4),
        (2, 102, 24, 4),
        (3, 102, 24, 4),
        (1, 103, 20, 4),
        (2, 104, 24, 6),
        (1, 104, 24, 6),
        (2, 105, 24, 6),
        (1, 105, 24, 6),
        (2, 106, 24, 6),
        (1, 106, 24, 6),
        (1, 202, 20, 4),
        (1, 203, 24, 6),
        (2, 203, 16, 4),
        (1, 204, 20, 4),
        (2, 205, 24, 6),
        (1, 205, 24, 6),
        (1, 206, 20, 4),
        (1, 207, 16, 4),
        (2, 207, 16, 4),
        (1, 208, 24, 6),
        (2, 208, 24, 6),
        (1, 300, 20, 4),
        (1, 301, 30, 6),
        (1, 302, 20, 4),
        (1, 303, 30, 6),
        (1, 304, 30, 6),
        (1, 400, 24, 4);

insert into seat (number, wagon_number, train_number, description)
values  (1, 1, 100, null),
(2, 1, 100, null),
(3, 1, 100, null),
(4, 1, 100, null),
(5, 1, 100, null),
(6, 1, 100, null),
(7, 1, 100, null),
(8, 1, 100, null),
(9, 1, 100, null),
(10, 1, 100, null),
(11, 1, 100, null),
(12, 1, 100, null),
(13, 1, 100, null),
(14, 1, 100, null),
(15, 1, 100, null),
(16, 1, 100, null),
(17, 1, 100, null),
(18, 1, 100, null),
(19, 1, 100, null),
(20, 1, 100, null),
(21, 1, 100, null),
(22, 1, 100, null),
(23, 1, 100, null),
(24, 1, 100, null),
(1, 2, 100, null),
(2, 2, 100, null),
(3, 2, 100, null),
(4, 2, 100, null),
(5, 2, 100, null),
(6, 2, 100, null),
(7, 2, 100, null),
(8, 2, 100, null),
(9, 2, 100, null),
(10, 2, 100, null),
(11, 2, 100, null),
(12, 2, 100, null),
(13, 2, 100, null),
(14, 2, 100, null),
(15, 2, 100, null),
(16, 2, 100, null),
(17, 2, 100, null),
(18, 2, 100, null),
(19, 2, 100, null),
(20, 2, 100, null),
(21, 2, 100, null),
(22, 2, 100, null),
(23, 2, 100, null),
(24, 2, 100, null),
(1, 3, 100, null),
(2, 3, 100, null),
(3, 3, 100, null),
(4, 3, 100, null),
(5, 3, 100, null),
(6, 3, 100, null),
(7, 3, 100, null),
(8, 3, 100, null),
(9, 3, 100, null),
(10, 3, 100, null),
(11, 3, 100, null),
(12, 3, 100, null),
(13, 3, 100, null),
(14, 3, 100, null),
(15, 3, 100, null),
(16, 3, 100, null),
(17, 3, 100, null),
(18, 3, 100, null),
(19, 3, 100, null),
(20, 3, 100, null),
(21, 3, 100, null),
(22, 3, 100, null),
(23, 3, 100, null),
(24, 3, 100, null),
(1, 1, 101, null),
(2, 1, 101, null),
(3, 1, 101, null),
(4, 1, 101, null),
(5, 1, 101, null),
(6, 1, 101, null),
(7, 1, 101, null),
(8, 1, 101, null),
(9, 1, 101, null),
(10, 1, 101, null),
(11, 1, 101, null),
(12, 1, 101, null),
(13, 1, 101, null),
(14, 1, 101, null),
(15, 1, 101, null),
(16, 1, 101, null),
(17, 1, 101, null),
(18, 1, 101, null),
(19, 1, 101, null),
(20, 1, 101, null),
(21, 1, 101, null),
(22, 1, 101, null),
(23, 1, 101, null),
(24, 1, 101, null),
(1, 2, 101, null),
(2, 2, 101, null),
(3, 2, 101, null),
(4, 2, 101, null),
(5, 2, 101, null),
(6, 2, 101, null),
(7, 2, 101, null),
(8, 2, 101, null),
(9, 2, 101, null),
(10, 2, 101, null),
(11, 2, 101, null),
(12, 2, 101, null),
(13, 2, 101, null),
(14, 2, 101, null),
(15, 2, 101, null),
(16, 2, 101, null),
(17, 2, 101, null),
(18, 2, 101, null),
(19, 2, 101, null),
(20, 2, 101, null),
(21, 2, 101, null),
(22, 2, 101, null),
(23, 2, 101, null),
(24, 2, 101, null),
(1, 3, 101, null),
(2, 3, 101, null),
(3, 3, 101, null),
(4, 3, 101, null),
(5, 3, 101, null),
(6, 3, 101, null),
(7, 3, 101, null),
(8, 3, 101, null),
(9, 3, 101, null),
(10, 3, 101, null),
(11, 3, 101, null),
(12, 3, 101, null),
(13, 3, 101, null),
(14, 3, 101, null),
(15, 3, 101, null),
(16, 3, 101, null),
(17, 3, 101, null),
(18, 3, 101, null),
(19, 3, 101, null),
(20, 3, 101, null),
(21, 3, 101, null),
(22, 3, 101, null),
(23, 3, 101, null),
(24, 3, 101, null),
(1, 1, 102, null),
(2, 1, 102, null),
(3, 1, 102, null),
(4, 1, 102, null),
(5, 1, 102, null),
(6, 1, 102, null),
(7, 1, 102, null),
(8, 1, 102, null),
(9, 1, 102, null),
(10, 1, 102, null),
(11, 1, 102, null),
(12, 1, 102, null),
(13, 1, 102, null),
(14, 1, 102, null),
(15, 1, 102, null),
(16, 1, 102, null),
(17, 1, 102, null),
(18, 1, 102, null),
(19, 1, 102, null),
(20, 1, 102, null),
(21, 1, 102, null),
(22, 1, 102, null),
(23, 1, 102, null),
(24, 1, 102, null),
(1, 2, 102, null),
(2, 2, 102, null),
(3, 2, 102, null),
(4, 2, 102, null),
(5, 2, 102, null),
(6, 2, 102, null),
(7, 2, 102, null),
(8, 2, 102, null),
(9, 2, 102, null),
(10, 2, 102, null),
(11, 2, 102, null),
(12, 2, 102, null),
(13, 2, 102, null),
(14, 2, 102, null),
(15, 2, 102, null),
(16, 2, 102, null),
(17, 2, 102, null),
(18, 2, 102, null),
(19, 2, 102, null),
(20, 2, 102, null),
(21, 2, 102, null),
(22, 2, 102, null),
(23, 2, 102, null),
(24, 2, 102, null),
(1, 3, 102, null),
(2, 3, 102, null),
(3, 3, 102, null),
(4, 3, 102, null),
(5, 3, 102, null),
(6, 3, 102, null),
(7, 3, 102, null),
(8, 3, 102, null),
(9, 3, 102, null),
(10, 3, 102, null),
(11, 3, 102, null),
(12, 3, 102, null),
(13, 3, 102, null),
(14, 3, 102, null),
(15, 3, 102, null),
(16, 3, 102, null),
(17, 3, 102, null),
(18, 3, 102, null),
(19, 3, 102, null),
(20, 3, 102, null),
(21, 3, 102, null),
(22, 3, 102, null),
(23, 3, 102, null),
(24, 3, 102, null),
(1, 1, 103, null),
(2, 1, 103, null),
(3, 1, 103, null),
(4, 1, 103, null),
(5, 1, 103, null),
(6, 1, 103, null),
(7, 1, 103, null),
(8, 1, 103, null),
(9, 1, 103, null),
(10, 1, 103, null),
(11, 1, 103, null),
(12, 1, 103, null),
(13, 1, 103, null),
(14, 1, 103, null),
(15, 1, 103, null),
(16, 1, 103, null),
(17, 1, 103, null),
(18, 1, 103, null),
(19, 1, 103, null),
(20, 1, 103, null),
(1, 1, 104, null),
(2, 1, 104, null),
(3, 1, 104, null),
(4, 1, 104, null),
(5, 1, 104, null),
(6, 1, 104, null),
(7, 1, 104, null),
(8, 1, 104, null),
(9, 1, 104, null),
(10, 1, 104, null),
(11, 1, 104, null),
(12, 1, 104, null),
(13, 1, 104, null),
(14, 1, 104, null),
(15, 1, 104, null),
(16, 1, 104, null),
(17, 1, 104, null),
(18, 1, 104, null),
(19, 1, 104, null),
(20, 1, 104, null),
(21, 1, 104, null),
(22, 1, 104, null),
(23, 1, 104, null),
(24, 1, 104, null),
(1, 2, 104, null),
(2, 2, 104, null),
(3, 2, 104, null),
(4, 2, 104, null),
(5, 2, 104, null),
(6, 2, 104, null),
(7, 2, 104, null),
(8, 2, 104, null),
(9, 2, 104, null),
(10, 2, 104, null),
(11, 2, 104, null),
(12, 2, 104, null),
(13, 2, 104, null),
(14, 2, 104, null),
(15, 2, 104, null),
(16, 2, 104, null),
(17, 2, 104, null),
(18, 2, 104, null),
(19, 2, 104, null),
(20, 2, 104, null),
(21, 2, 104, null),
(22, 2, 104, null),
(23, 2, 104, null),
(24, 2, 104, null),
(1, 1, 105, null),
(2, 1, 105, null),
(3, 1, 105, null),
(4, 1, 105, null),
(5, 1, 105, null),
(6, 1, 105, null),
(7, 1, 105, null),
(8, 1, 105, null),
(9, 1, 105, null),
(10, 1, 105, null),
(11, 1, 105, null),
(12, 1, 105, null),
(13, 1, 105, null),
(14, 1, 105, null),
(15, 1, 105, null),
(16, 1, 105, null),
(17, 1, 105, null),
(18, 1, 105, null),
(19, 1, 105, null),
(20, 1, 105, null),
(21, 1, 105, null),
(22, 1, 105, null),
(23, 1, 105, null),
(24, 1, 105, null),
(1, 2, 105, null),
(2, 2, 105, null),
(3, 2, 105, null),
(4, 2, 105, null),
(5, 2, 105, null),
(6, 2, 105, null),
(7, 2, 105, null),
(8, 2, 105, null),
(9, 2, 105, null),
(10, 2, 105, null),
(11, 2, 105, null),
(12, 2, 105, null),
(13, 2, 105, null),
(14, 2, 105, null),
(15, 2, 105, null),
(16, 2, 105, null),
(17, 2, 105, null),
(18, 2, 105, null),
(19, 2, 105, null),
(20, 2, 105, null),
(21, 2, 105, null),
(22, 2, 105, null),
(23, 2, 105, null),
(24, 2, 105, null),
(1, 1, 106, null),
(2, 1, 106, null),
(3, 1, 106, null),
(4, 1, 106, null),
(5, 1, 106, null),
(6, 1, 106, null),
(7, 1, 106, null),
(8, 1, 106, null),
(9, 1, 106, null),
(10, 1, 106, null),
(11, 1, 106, null),
(12, 1, 106, null),
(13, 1, 106, null),
(14, 1, 106, null),
(15, 1, 106, null),
(16, 1, 106, null),
(17, 1, 106, null),
(18, 1, 106, null),
(19, 1, 106, null),
(20, 1, 106, null),
(21, 1, 106, null),
(22, 1, 106, null),
(23, 1, 106, null),
(24, 1, 106, null),
(1, 2, 106, null),
(2, 2, 106, null),
(3, 2, 106, null),
(4, 2, 106, null),
(5, 2, 106, null),
(6, 2, 106, null),
(7, 2, 106, null),
(8, 2, 106, null),
(9, 2, 106, null),
(10, 2, 106, null),
(11, 2, 106, null),
(12, 2, 106, null),
(13, 2, 106, null),
(14, 2, 106, null),
(15, 2, 106, null),
(16, 2, 106, null),
(17, 2, 106, null),
(18, 2, 106, null),
(19, 2, 106, null),
(20, 2, 106, null),
(21, 2, 106, null),
(22, 2, 106, null),
(23, 2, 106, null),
(24, 2, 106, null),
(1, 1, 202, null),
(2, 1, 202, null),
(3, 1, 202, null),
(4, 1, 202, null),
(5, 1, 202, null),
(6, 1, 202, null),
(7, 1, 202, null),
(8, 1, 202, null),
(9, 1, 202, null),
(10, 1, 202, null),
(11, 1, 202, null),
(12, 1, 202, null),
(13, 1, 202, null),
(14, 1, 202, null),
(15, 1, 202, null),
(16, 1, 202, null),
(17, 1, 202, null),
(18, 1, 202, null),
(19, 1, 202, null),
(20, 1, 202, null),
(1, 1, 203, null),
(2, 1, 203, null),
(3, 1, 203, null),
(4, 1, 203, null),
(5, 1, 203, null),
(6, 1, 203, null),
(7, 1, 203, null),
(8, 1, 203, null),
(9, 1, 203, null),
(10, 1, 203, null),
(11, 1, 203, null),
(12, 1, 203, null),
(13, 1, 203, null),
(14, 1, 203, null),
(15, 1, 203, null),
(16, 1, 203, null),
(17, 1, 203, null),
(18, 1, 203, null),
(19, 1, 203, null),
(20, 1, 203, null),
(21, 1, 203, null),
(22, 1, 203, null),
(23, 1, 203, null),
(24, 1, 203, null),
(1, 2, 203, null),
(2, 2, 203, null),
(3, 2, 203, null),
(4, 2, 203, null),
(5, 2, 203, null),
(6, 2, 203, null),
(7, 2, 203, null),
(8, 2, 203, null),
(9, 2, 203, null),
(10, 2, 203, null),
(11, 2, 203, null),
(12, 2, 203, null),
(13, 2, 203, null),
(14, 2, 203, null),
(15, 2, 203, null),
(16, 2, 203, null),
(1, 1, 204, null),
(2, 1, 204, null),
(3, 1, 204, null),
(4, 1, 204, null),
(5, 1, 204, null),
(6, 1, 204, null),
(7, 1, 204, null),
(8, 1, 204, null),
(9, 1, 204, null),
(10, 1, 204, null),
(11, 1, 204, null),
(12, 1, 204, null),
(13, 1, 204, null),
(14, 1, 204, null),
(15, 1, 204, null),
(16, 1, 204, null),
(17, 1, 204, null),
(18, 1, 204, null),
(19, 1, 204, null),
(20, 1, 204, null),
(1, 1, 205, null),
(2, 1, 205, null),
(3, 1, 205, null),
(4, 1, 205, null),
(5, 1, 205, null),
(6, 1, 205, null),
(7, 1, 205, null),
(8, 1, 205, null),
(9, 1, 205, null),
(10, 1, 205, null),
(11, 1, 205, null),
(12, 1, 205, null),
(13, 1, 205, null),
(14, 1, 205, null),
(15, 1, 205, null),
(16, 1, 205, null),
(17, 1, 205, null),
(18, 1, 205, null),
(19, 1, 205, null),
(20, 1, 205, null),
(21, 1, 205, null),
(22, 1, 205, null),
(23, 1, 205, null),
(24, 1, 205, null),
(1, 2, 205, null),
(2, 2, 205, null),
(3, 2, 205, null),
(4, 2, 205, null),
(5, 2, 205, null),
(6, 2, 205, null),
(7, 2, 205, null),
(8, 2, 205, null),
(9, 2, 205, null),
(10, 2, 205, null),
(11, 2, 205, null),
(12, 2, 205, null),
(13, 2, 205, null),
(14, 2, 205, null),
(15, 2, 205, null),
(16, 2, 205, null),
(17, 2, 205, null),
(18, 2, 205, null),
(19, 2, 205, null),
(20, 2, 205, null),
(21, 2, 205, null),
(22, 2, 205, null),
(23, 2, 205, null),
(24, 2, 205, null),
(1, 1, 206, null),
(2, 1, 206, null),
(3, 1, 206, null),
(4, 1, 206, null),
(5, 1, 206, null),
(6, 1, 206, null),
(7, 1, 206, null),
(8, 1, 206, null),
(9, 1, 206, null),
(10, 1, 206, null),
(11, 1, 206, null),
(12, 1, 206, null),
(13, 1, 206, null),
(14, 1, 206, null),
(15, 1, 206, null),
(16, 1, 206, null),
(17, 1, 206, null),
(18, 1, 206, null),
(19, 1, 206, null),
(20, 1, 206, null),
(1, 1, 207, null),
(2, 1, 207, null),
(3, 1, 207, null),
(4, 1, 207, null),
(5, 1, 207, null),
(6, 1, 207, null),
(7, 1, 207, null),
(8, 1, 207, null),
(9, 1, 207, null),
(10, 1, 207, null),
(11, 1, 207, null),
(12, 1, 207, null),
(13, 1, 207, null),
(14, 1, 207, null),
(15, 1, 207, null),
(16, 1, 207, null),
(1, 2, 207, null),
(2, 2, 207, null),
(3, 2, 207, null),
(4, 2, 207, null),
(5, 2, 207, null),
(6, 2, 207, null),
(7, 2, 207, null),
(8, 2, 207, null),
(9, 2, 207, null),
(10, 2, 207, null),
(11, 2, 207, null),
(12, 2, 207, null),
(13, 2, 207, null),
(14, 2, 207, null),
(15, 2, 207, null),
(16, 2, 207, null),
(1, 1, 208, null),
(2, 1, 208, null),
(3, 1, 208, null),
(4, 1, 208, null),
(5, 1, 208, null),
(6, 1, 208, null),
(7, 1, 208, null),
(8, 1, 208, null),
(9, 1, 208, null),
(10, 1, 208, null),
(11, 1, 208, null),
(12, 1, 208, null),
(13, 1, 208, null),
(14, 1, 208, null),
(15, 1, 208, null),
(16, 1, 208, null),
(17, 1, 208, null),
(18, 1, 208, null),
(19, 1, 208, null),
(20, 1, 208, null),
(21, 1, 208, null),
(22, 1, 208, null),
(23, 1, 208, null),
(24, 1, 208, null),
(1, 2, 208, null),
(2, 2, 208, null),
(3, 2, 208, null),
(4, 2, 208, null),
(5, 2, 208, null),
(6, 2, 208, null),
(7, 2, 208, null),
(8, 2, 208, null),
(9, 2, 208, null),
(10, 2, 208, null),
(11, 2, 208, null),
(12, 2, 208, null),
(13, 2, 208, null),
(14, 2, 208, null),
(15, 2, 208, null),
(16, 2, 208, null),
(17, 2, 208, null),
(18, 2, 208, null),
(19, 2, 208, null),
(20, 2, 208, null),
(21, 2, 208, null),
(22, 2, 208, null),
(23, 2, 208, null),
(24, 2, 208, null),
(1, 1, 300, null),
(2, 1, 300, null),
(3, 1, 300, null),
(4, 1, 300, null),
(5, 1, 300, null),
(6, 1, 300, null),
(7, 1, 300, null),
(8, 1, 300, null),
(9, 1, 300, null),
(10, 1, 300, null),
(11, 1, 300, null),
(12, 1, 300, null),
(13, 1, 300, null),
(14, 1, 300, null),
(15, 1, 300, null),
(16, 1, 300, null),
(17, 1, 300, null),
(18, 1, 300, null),
(19, 1, 300, null),
(20, 1, 300, null),
(1, 1, 301, null),
(2, 1, 301, null),
(3, 1, 301, null),
(4, 1, 301, null),
(5, 1, 301, null),
(6, 1, 301, null),
(7, 1, 301, null),
(8, 1, 301, null),
(9, 1, 301, null),
(10, 1, 301, null),
(11, 1, 301, null),
(12, 1, 301, null),
(13, 1, 301, null),
(14, 1, 301, null),
(15, 1, 301, null),
(16, 1, 301, null),
(17, 1, 301, null),
(18, 1, 301, null),
(19, 1, 301, null),
(20, 1, 301, null),
(21, 1, 301, null),
(22, 1, 301, null),
(23, 1, 301, null),
(24, 1, 301, null),
(25, 1, 301, null),
(26, 1, 301, null),
(27, 1, 301, null),
(28, 1, 301, null),
(29, 1, 301, null),
(30, 1, 301, null),
(1, 1, 302, null),
(2, 1, 302, null),
(3, 1, 302, null),
(4, 1, 302, null),
(5, 1, 302, null),
(6, 1, 302, null),
(7, 1, 302, null),
(8, 1, 302, null),
(9, 1, 302, null),
(10, 1, 302, null),
(11, 1, 302, null),
(12, 1, 302, null),
(13, 1, 302, null),
(14, 1, 302, null),
(15, 1, 302, null),
(16, 1, 302, null),
(17, 1, 302, null),
(18, 1, 302, null),
(19, 1, 302, null),
(20, 1, 302, null),
(1, 1, 303, null),
(2, 1, 303, null),
(3, 1, 303, null),
(4, 1, 303, null),
(5, 1, 303, null),
(6, 1, 303, null),
(7, 1, 303, null),
(8, 1, 303, null),
(9, 1, 303, null),
(10, 1, 303, null),
(11, 1, 303, null),
(12, 1, 303, null),
(13, 1, 303, null),
(14, 1, 303, null),
(15, 1, 303, null),
(16, 1, 303, null),
(17, 1, 303, null),
(18, 1, 303, null),
(19, 1, 303, null),
(20, 1, 303, null),
(21, 1, 303, null),
(22, 1, 303, null),
(23, 1, 303, null),
(24, 1, 303, null),
(25, 1, 303, null),
(26, 1, 303, null),
(27, 1, 303, null),
(28, 1, 303, null),
(29, 1, 303, null),
(30, 1, 303, null),
(1, 1, 304, null),
(2, 1, 304, null),
(3, 1, 304, null),
(4, 1, 304, null),
(5, 1, 304, null),
(6, 1, 304, null),
(7, 1, 304, null),
(8, 1, 304, null),
(9, 1, 304, null),
(10, 1, 304, null),
(11, 1, 304, null),
(12, 1, 304, null),
(13, 1, 304, null),
(14, 1, 304, null),
(15, 1, 304, null),
(16, 1, 304, null),
(17, 1, 304, null),
(18, 1, 304, null),
(19, 1, 304, null),
(20, 1, 304, null),
(21, 1, 304, null),
(22, 1, 304, null),
(23, 1, 304, null),
(24, 1, 304, null),
(25, 1, 304, null),
(26, 1, 304, null),
(27, 1, 304, null),
(28, 1, 304, null),
(29, 1, 304, null),
(30, 1, 304, null),
(1, 1, 400, null),
(2, 1, 400, null),
(3, 1, 400, null),
(4, 1, 400, null),
(5, 1, 400, null),
(6, 1, 400, null),
(7, 1, 400, null),
(8, 1, 400, null),
(9, 1, 400, null),
(10, 1, 400, null),
(11, 1, 400, null),
(12, 1, 400, null),
(13, 1, 400, null),
(14, 1, 400, null),
(15, 1, 400, null),
(16, 1, 400, null),
(17, 1, 400, null),
(18, 1, 400, null),
(19, 1, 400, null),
(20, 1, 400, null),
(21, 1, 400, null),
(22, 1, 400, null),
(23, 1, 400, null),
(24, 1, 400, null);

insert into "user" (user_id, username, password, role, name, surname, birth_date)
values  (1, 'mayu93120mw', 'test', 'C', 'Karl', 'Michael', '1965-05-14'),
        (2, 'oceadrandzf', 'test', 'C', 'Brooke', 'Mcintosh', '1966-03-01'),
        (3, 'bodolygrougsx', 'test', 'C', 'Daisie', 'Stewart', '1968-05-27'),
        (4, 'bluebird648407e', 'test', 'C', 'Victoria', 'Donovan', '1970-07-28'),
        (5, 'Pielliea', 'test', 'C', 'Antonio', 'Glenn', '1970-10-07'),
        (6, 'flertovi31', 'test', 'C', 'Kaitlin', 'Skinner', '1971-06-07'),
        (7, 'monitapb', 'test', 'C', 'Anya', 'Spencer', '1971-09-15'),
        (8, 'jayman112088cs', 'test', 'C', 'Mary', 'Gould', '1974-06-03'),
        (9, 'GlughPubbrorbpd', 'test', 'C', 'Shivam', 'John', '1975-02-01'),
        (10, 'soccerdv13lg', 'test', 'C', 'Haaris', 'Horn', '1975-12-18'),
        (11, 'estiratgenl', 'test', 'C', 'Elijah', 'Moore', '1976-06-05'),
        (12, 'Wyominga68', 'test', 'C', 'Niall', 'Chapman', '1976-08-21'),
        (13, 'tamaloalaliaaq', 'test', 'C', 'Amirah', 'Robles', '1976-08-25'),
        (14, 'escassapx', 'test', 'C', 'Lance', 'Gibbs', '1978-03-02'),
        (15, '2thsoc', 'test', 'C', 'Lula', 'Hartman', '1981-05-14'),
        (16, 'Lulfurbtrittk', 'test', 'C', 'Amin', 'Tyler', '1985-09-16'),
        (17, 'otwarciemys', 'test', 'C', 'Josephine', 'Gentry', '1989-08-30'),
        (18, 'urisceheherug09', 'test', 'C', 'Bilal', 'Mclean', '1989-09-12'),
        (19, 'pulseren2h', 'test', 'C', 'Hamish', 'Strong', '1990-03-08'),
        (20, 'utepliptuctjz', 'test', 'C', 'Shreya', 'Livingston', '1994-08-27'),
        (21, 'kumaizijj', 'test', 'C', 'Amy', 'Valencia', '1996-01-05'),
        (22, 'Fantuzzol0', 'test', 'C', 'Dawson', 'Vazquez', '1996-05-10'),
        (23, 'vakcinomsn', 'test', 'C', 'Hiba', 'Pierce', '1999-03-11'),
        (24, 'prievigraress4d', 'test', 'C', 'Luke', 'Parrish', '2002-05-14'),
        (25, 'kuhoji9a', 'test', 'C', 'Lucie', 'Padilla', '2002-12-05'),
        (26, 'ogan4r', 'test', 'C', 'Leland', 'Henry', '1966-07-06'),
        (27, 'provejant6n', 'test', 'C', 'Nell', 'Marshall', '1971-03-14'),
        (28, 'nepoluantop', 'test', 'C', 'Isabel', 'Wagner', '1972-07-10'),
        (29, '5s4p4a1kesj', 'test', 'C', 'Brendon', 'Holman', '1974-06-24'),
        (30, 'Lasagninir3', 'test', 'C', 'Ty', 'Chaney', '1975-03-11'),
        (31, 'entrediasm1', 'test', 'C', 'Remi', 'Serrano', '1976-01-20'),
        (32, 'Ceccanei6r', 'test', 'C', 'Serena', 'Stanley', '1977-05-15'),
        (33, 'pretty973lt', 'test', 'C', 'Husna', 'Kemp', '1978-09-13'),
        (34, 'VEVAmf', 'test', 'C', 'Yahya', 'Mcguire', '1980-04-20'),
        (35, 'Mazet2s', 'test', 'C', 'Alina', 'Mcknight', '1984-05-18'),
        (36, 'pagasedv', 'test', 'C', 'Kelvin', 'Oconnor', '1985-09-07'),
        (37, 'Sarf53', 'test', 'C', 'Madiha', 'Burgess', '1986-04-23'),
        (38, 'triremamiuu', 'test', 'C', 'Stacey', 'Ware', '1986-09-26'),
        (39, 'roaggelrydg', 'test', 'C', 'Aiden', 'Beck', '1987-05-19'),
        (40, 'daworldzbi', 'test', 'C', 'Luis', 'West', '1988-01-05'),
        (41, 'postamentu1', 'test', 'C', 'Rosalind', 'Kidd', '1988-09-17'),
        (42, 'sorraire5x', 'test', 'C', 'Alvin', 'Kim', '1988-11-12'),
        (43, 'penbarlisk2', 'test', 'C', 'Gail', 'Black', '1989-05-04'),
        (44, 'teruntuk63', 'test', 'C', 'Kurt', 'Fitzgerald', '1989-07-26'),
        (45, 'ploegperd62', 'test', 'C', 'Leo', 'Huffman', '1991-11-14'),
        (46, 'faintpraisekt', 'test', 'C', 'Lawrence', 'Luna', '1994-04-15'),
        (47, 'landgoed14', 'test', 'C', 'Laiba', 'Palmer', '2000-02-17'),
        (48, 'addesidwg', 'test', 'C', 'Clifford', 'Price', '2000-05-13'),
        (49, 'cutipasteyf', 'test', 'C', 'Lennox', 'Larsen', '2001-03-24'),
        (50, 'Sliviariasp8j', 'test', 'C', 'Ciara', 'Prince', '2002-08-04'),
        (51, 'aefucrrevkz', 'test', 'C', 'Arjan', 'Sharp', '1966-07-13'),
        (52, 'okrenuto7i', 'test', 'C', 'Lee', 'Banks', '1967-01-18'),
        (53, 'walterpardo5n', 'test', 'C', 'Aminah', 'Horton', '1969-02-06'),
        (54, 'namjesnahs', 'test', 'C', 'Naomi', 'Joyce', '1969-10-08'),
        (55, 'zapastv1', 'test', 'C', 'Layton', 'Love', '1970-06-24'),
        (56, 'dd6vojpk', 'test', 'C', 'Owain', 'Bond', '1970-12-15'),
        (57, 'Paserio6y', 'test', 'C', 'Nikita', 'Hoffman', '1971-10-22'),
        (58, 'shetilierridswl', 'test', 'C', 'Elizabeth', 'Obrien', '1974-04-24'),
        (59, 'heteNeuxurl6c', 'test', 'C', 'Carol', 'Mayo', '1977-02-19'),
        (60, 'sonitastylevg', 'test', 'C', 'Kezia', 'Todd', '1978-07-04'),
        (61, 'l3g4ogo9', 'test', 'C', 'Pablo', 'Burton', '1979-03-20'),
        (62, 'Brusottiwg', 'test', 'C', 'Belle', 'Lewis', '1979-05-05'),
        (63, 'sambairesjz', 'test', 'C', 'May', 'Harrell', '1982-02-09'),
        (64, 'limenciot', 'test', 'C', 'Asa', 'Waller', '1983-05-01'),
        (65, 'Nilboppiltene78', 'test', 'C', 'Darragh', 'Lindsay', '1983-07-05'),
        (66, 'Fehlwegmx', 'test', 'C', 'Rahim', 'Sweeney', '1986-10-30'),
        (67, 'odontv6d', 'test', 'C', 'Ewan', 'Chen', '1991-01-08'),
        (68, 'etherhoow5j', 'test', 'C', 'Alexandre', 'Jacobs', '1996-03-25'),
        (69, 'talinnifr', 'test', 'C', 'Sophie', 'Dillon', '1996-07-28'),
        (70, 'Cecilianipw', 'test', 'C', 'Hector', 'Orr', '1998-03-22'),
        (71, 'mindebbenku', 'test', 'C', 'Archibald', 'Golden', '1999-07-07'),
        (72, 'eth3rek', 'test', 'C', 'Izaak', 'Green', '1999-10-18'),
        (73, 'turles77', 'test', 'C', 'Noor', 'Hensley', '1999-10-23'),
        (74, 'mpyaqt', 'test', 'C', 'Maizie', 'Winters', '2001-12-18'),
        (75, 'grisejantrq', 'test', 'C', 'Umar', 'Case', '2002-11-28'),
        (76, 'brinktjt', 'test', 'C', 'Aneesa', 'Adkins', '1965-06-05'),
        (77, 'refinduum', 'test', 'C', 'Sebastien', 'Parsons', '1966-07-25'),
        (78, 'Mophosa0f', 'test', 'C', 'Orlando', 'Sosa', '1966-11-13'),
        (79, 'honeyhugs0014da', 'test', 'C', 'Viola', 'Carpenter', '1968-09-15'),
        (80, 'sikawkowyhp', 'test', 'C', 'Theodore', 'Harper', '1970-03-09'),
        (81, 'duellowm', 'test', 'C', 'Alexia', 'Salinas', '1977-09-10'),
        (82, 'milodareq0', 'test', 'C', 'Harriet', 'Mcgowan', '1978-12-21'),
        (83, 'teamandino1g', 'test', 'C', 'Summer', 'Reyes', '1979-11-05'),
        (84, 'd5h4ein', 'test', 'C', 'Iris', 'Morales', '1983-10-08'),
        (85, 'unschuldez', 'test', 'C', 'Tanya', 'Maldonado', '1983-12-23'),
        (86, 'o2t1t4j', 'test', 'C', 'Ivan', 'Simpson', '1984-02-27'),
        (87, 'kwegerezaps', 'test', 'C', 'Roosevelt', 'Beard', '1986-02-15'),
        (88, 'gozdover9', 'test', 'C', 'Lily-Mae', 'Pham', '1987-09-03'),
        (89, 'wuchau6c', 'test', 'C', 'Scarlet', 'Wyatt', '1989-06-18'),
        (90, 'hinniktl', 'test', 'C', 'Tanisha', 'Goodman', '1993-04-26'),
        (91, 'syzane57', 'test', 'C', 'Emilio', 'Cooper', '1993-08-18'),
        (92, 'slither7a', 'test', 'C', 'Kaiden', 'Vega', '1993-09-07'),
        (93, 'wybyddech8k', 'test', 'C', 'Josie', 'Frye', '1996-08-21'),
        (94, 'l0ne1y4znj1', 'test', 'C', 'Ali', 'Mcmillan', '1996-09-16'),
        (95, 'teamandino7i', 'test', 'C', 'Bobby', 'Dale', '1997-03-15'),
        (96, 'wubanidb', 'test', 'C', 'Ashton', 'Thomson', '1997-04-20'),
        (97, 'elepEnvipeu', 'test', 'C', 'Will', 'House', '1997-09-08'),
        (98, 'Pianezzigs', 'test', 'C', 'Rishi', 'Russell', '1998-06-17'),
        (99, 'dodatnogif', 'test', 'C', 'Martina', 'Hardy', '1999-12-09'),
        (100, 'lizann114a2', 'test', 'C', 'Evangeline', 'Haney', '2000-08-02'),
        (101, 'pierzare2r', 'test', 'C', 'Aayan', 'Montes', '1966-03-04'),
        (102, 'harzgauh4', 'test', 'C', 'Wayne', 'Dennis', '1966-04-08'),
        (103, 'jpbernardinm4', 'test', 'C', 'Zaara', 'Blair', '1966-05-26'),
        (104, 'Naturalob', 'test', 'C', 'Aled', 'Ponce', '1968-09-16'),
        (105, 'memateri6i', 'test', 'C', 'Ellie-Mae', 'Simpson', '1969-04-20'),
        (106, 'garbatkapn', 'test', 'C', 'Julian', 'Barr', '1971-09-25'),
        (107, 'stentatogg', 'test', 'C', 'Natalia', 'Terry', '1974-06-16'),
        (108, 'jlsdownloads0u', 'test', 'C', 'Mya', 'Ware', '1974-12-02'),
        (109, 'tarddell4g', 'test', 'C', 'Richie', 'Wilson', '1977-03-25'),
        (110, 'waqinisacf', 'test', 'C', 'Aoife', 'Warner', '1977-12-26'),
        (111, 'polistila72', 'test', 'C', 'Bessie', 'Bonilla', '1978-08-18'),
        (112, 'Zillayw', 'test', 'C', 'Abi', 'Morrow', '1979-01-01'),
        (113, 'horucatzbh', 'test', 'C', 'Dillon', 'Kane', '1980-09-18'),
        (114, 'regroparyl', 'test', 'C', 'Keiran', 'Mercado', '1981-04-13'),
        (115, 'xuntaka8b', 'test', 'C', 'Qasim', 'Park', '1984-04-19'),
        (116, 'Bertullo78', 'test', 'C', 'Kristian', 'Murphy', '1985-03-09'),
        (117, 'aboshallw1', 'test', 'C', 'Lennox', 'Mcneil', '1985-11-27'),
        (118, 'vamplinajt', 'test', 'C', 'Roy', 'Osborne', '1989-04-15'),
        (119, 'saphiney', 'test', 'C', 'Cian', 'Torres', '1989-05-05'),
        (120, 'poszter85', 'test', 'C', 'Derek', 'Terrell', '1991-05-02'),
        (121, 'Surrinuexturab5', 'test', 'C', 'Sian', 'Hayden', '1991-07-18'),
        (122, 'hominahominaqd', 'test', 'C', 'Amna', 'Rivas', '1994-06-10'),
        (123, 'mundofeliz05', 'test', 'C', 'Mohamad', 'Potts', '1998-11-27'),
        (124, 'gantellex', 'test', 'C', 'Ahmed', 'Moore', '2000-10-20'),
        (125, 'criptonsnw', 'test', 'C', 'Kareem', 'Moon', '2001-08-29'),
        (126, 'votesuicidet8', 'test', 'C', 'Liberty', 'Simon', '1965-10-18'),
        (127, 'ukuphangal1', 'test', 'C', 'Tiago', 'Rollins', '1966-08-15'),
        (128, 'voorry82', 'test', 'C', 'Kathryn', 'Sherman', '1969-06-22'),
        (129, 'unatakiwatn', 'test', 'C', 'Velma', 'Prince', '1972-06-05'),
        (130, 'c2ul2ide', 'test', 'C', 'Mila', 'Snow', '1974-08-06'),
        (131, 'endolarsjt', 'test', 'C', 'Archie', 'Fernandez', '1975-03-18'),
        (132, 'aitionnwv', 'test', 'C', 'Dylan', 'Hodges', '1975-09-10'),
        (133, 'Balkanees6q', 'test', 'C', 'Rohan', 'Mendez', '1976-02-05'),
        (134, 'panotourtk', 'test', 'C', 'Leena', 'Gibbons', '1977-09-10'),
        (135, 'algrundab9', 'test', 'C', 'Hussein', 'Dean', '1978-09-15'),
        (136, 'athenamericam3', 'test', 'C', 'Sasha', 'Mcpherson', '1982-01-26'),
        (137, 'ciontk6', 'test', 'C', 'Wendy', 'Myers', '1984-04-12'),
        (138, 'ystarnauva', 'test', 'C', 'Soraya', 'Gonzalez', '1984-10-24'),
        (139, 'Trennbachn2', 'test', 'C', 'Delilah', 'Gamble', '1985-11-07'),
        (140, 'misionary62', 'test', 'C', 'Darius', 'Page', '1986-03-07'),
        (141, 'kamyuenwi', 'test', 'C', 'Marnie', 'Schneider', '1987-04-04'),
        (142, 'omsmedingx4', 'test', 'C', 'Ross', 'Vargas', '1987-07-07'),
        (143, 'Camelinj6', 'test', 'C', 'Maja', 'Rojas', '1992-01-21'),
        (144, 'arrutants2g', 'test', 'C', 'Brandon', 'Sweeney', '1993-05-27'),
        (145, 'Veglja0r', 'test', 'C', 'Beatrice', 'Farrell', '1993-06-13'),
        (146, 'shinigamicmuk', 'test', 'C', 'Nathan', 'Galvan', '1995-01-21'),
        (147, 'grearterbjp', 'test', 'C', 'Kaylee', 'Buchanan', '1997-10-30'),
        (148, 'desaugarj7', 'test', 'C', 'Jamal', 'Serrano', '1998-07-15'),
        (149, 'cememezc', 'test', 'C', 'Zuzanna', 'Stevens', '2000-02-26'),
        (150, 'andreadinkelhu', 'test', 'C', 'Ariana', 'Mack', '2002-12-17'),
        (151, 'rangskikrm', 'test', 'C', 'Dulcie', 'Suarez', '1965-04-02'),
        (152, 'Bergwartp2', 'test', 'C', 'Eesa', 'Koch', '1965-12-29'),
        (153, 'RefsPlallCiseea', 'test', 'C', 'Carmen', 'Williams', '1967-03-31'),
        (154, 'uplatnicer9', 'test', 'C', 'Deanna', 'Swanson', '1969-05-13'),
        (155, 'sebscottg1', 'test', 'C', 'Libbie', 'Wagner', '1969-05-19'),
        (156, 'krioktidw', 'test', 'C', 'Mike', 'French', '1971-02-08'),
        (157, 'jobtimisemj', 'test', 'C', 'Polly', 'Valentine', '1974-08-03'),
        (158, 'exeliweyov2', 'test', 'C', 'Simeon', 'Gonzales', '1975-09-06'),
        (159, '2r1elvnnw', 'test', 'C', 'Amira', 'Cannon', '1976-10-08'),
        (160, 'Ljubicamly', 'test', 'C', 'Dalton', 'Levine', '1977-11-15'),
        (161, 'bumerangwr', 'test', 'C', 'Edgar', 'Arroyo', '1978-04-17'),
        (162, 'bwxaudreyvp', 'test', 'C', 'Kenneth', 'Nichols', '1978-09-24'),
        (163, 'mcvclubb6', 'test', 'C', 'Talia', 'Sims', '1979-10-31'),
        (164, 'Erzarjevq3', 'test', 'C', 'May', 'Lin', '1980-04-26'),
        (165, 'Adolergerrurna7', 'test', 'C', 'Aaryan', 'Moreno', '1983-04-09'),
        (166, 'mlaznih2y', 'test', 'C', 'Poppie', 'Landry', '1985-10-02'),
        (167, 'mrhamidt', 'test', 'C', 'Alec', 'Vincent', '1987-01-05'),
        (168, 'stacyweber7a', 'test', 'C', 'Ashton', 'Castro', '1991-02-03'),
        (169, 'Startsiloal', 'test', 'C', 'Tammy', 'Moody', '1991-05-31'),
        (170, 'Jaidayexavaf2', 'test', 'C', 'Hugh', 'Townsend', '1994-03-12'),
        (171, 'neslomivad9', 'test', 'C', 'Angelo', 'Hutchinson', '1994-09-07'),
        (172, 'talmudean5v', 'test', 'C', 'Bronte', 'Marsh', '1995-08-14'),
        (173, 'sintetskauu', 'test', 'C', 'Naomi', 'Stuart', '1996-06-20'),
        (174, 'oziacop2', 'test', 'C', 'Russell', 'Ingram', '1998-07-16'),
        (175, 'Apexcv', 'test', 'C', 'Kadie', 'Pitts', '1998-11-15'),
        (176, 'soyyoporahoranq', 'test', 'C', 'Brendon', 'Callahan', '1965-02-09'),
        (177, 'enmaderarsu', 'test', 'C', 'Pippa', 'Benjamin', '1967-06-28'),
        (178, 'ademorganekn', 'test', 'C', 'Savanna', 'Peterson', '1967-09-17'),
        (179, 'CitolaloKag0z', 'test', 'C', 'Uzair', 'Graves', '1967-11-11'),
        (180, 'armelle1502768k', 'test', 'C', 'Eric', 'Lara', '1969-04-16'),
        (181, '3poul93', 'test', 'C', 'Roman', 'Orr', '1969-06-12'),
        (182, 'taktycyzm6s', 'test', 'C', 'Romeo', 'Norris', '1972-02-02'),
        (183, 'arrakeLorledyt6', 'test', 'C', 'Sara', 'Baldwin', '1973-11-25'),
        (184, 'Keferydayrc', 'test', 'C', 'Keyaan', 'Oneal', '1974-04-13'),
        (185, '2ng3ar1tigj', 'test', 'C', 'Roger', 'Downs', '1975-08-31'),
        (186, 'szpitalcl', 'test', 'C', 'Amaya', 'Winters', '1977-12-12'),
        (187, 'msonde3h', 'test', 'C', 'Kevin', 'Keller', '1978-11-25'),
        (188, 'BepExpawBlafer9', 'test', 'C', 'Cayden', 'Steele', '1981-11-01'),
        (189, 'Filitiop', 'test', 'C', 'Ashleigh', 'Wright', '1983-01-01'),
        (190, 'Torkangk', 'test', 'C', 'Madeleine', 'Alvarado', '1983-01-29'),
        (191, 'Occalpalsb9', 'test', 'C', 'Cordelia', 'Carlson', '1984-04-18'),
        (192, 'alinai20r7', 'test', 'C', 'Noor', 'Sutton', '1984-12-27'),
        (193, 'armecairaks', 'test', 'C', 'Gladys', 'Velasquez', '1986-11-09'),
        (194, 'asempratjq', 'test', 'C', 'Ty', 'Dixon', '1990-01-13'),
        (195, 'ls1hpn', 'test', 'C', 'Courtney', 'Bryan', '1995-08-17'),
        (196, 'gianfelinotx', 'test', 'C', 'Samantha', 'Woodard', '1996-11-28'),
        (197, 'test.client', 'test', 'C', 'name', 'surname', '2000-01-01'),
        (198, 'test.employee', 'test', 'E', null, null, null);

insert into ticket (ticket_id, user_id, seat_number, wagon_number, train_number, schedule_id)
values  (1, 1, 17, 1, 105, 6),
        (2, 2, 11, 1, 105, 6),
        (3, 3, 15, 1, 105, 6),
        (4, 4, 20, 2, 104, 5),
        (5, 5, 12, 1, 105, 6),
        (6, 6, 23, 2, 104, 5),
        (7, 7, 16, 1, 105, 6),
        (8, 8, 13, 1, 105, 6),
        (9, 9, 2, 1, 105, 6),
        (10, 10, 14, 1, 105, 6),
        (11, 11, 3, 1, 105, 6),
        (12, 12, 1, 1, 105, 6),
        (13, 13, 22, 2, 104, 5),
        (14, 14, 24, 2, 104, 5),
        (15, 15, 4, 1, 105, 6),
        (16, 16, 21, 2, 104, 5),
        (17, 17, 18, 1, 105, 6),
        (18, 18, 14, 3, 101, 2),
        (19, 19, 13, 1, 205, 11),
        (20, 20, 11, 1, 203, 9),
        (21, 21, 13, 2, 205, 11),
        (22, 22, 2, 1, 203, 9),
        (23, 23, 10, 1, 202, 8),
        (24, 24, 19, 2, 100, 1),
        (25, 25, 19, 2, 101, 2),
        (26, 26, 10, 2, 106, 7),
        (27, 27, 6, 1, 205, 11),
        (28, 28, 16, 1, 204, 10),
        (29, 29, 10, 3, 102, 3),
        (30, 30, 15, 2, 203, 9),
        (31, 31, 7, 1, 202, 8),
        (32, 32, 21, 1, 203, 9),
        (33, 33, 10, 3, 101, 2),
        (34, 34, 18, 2, 100, 1),
        (35, 35, 18, 1, 100, 1),
        (36, 36, 21, 2, 105, 6),
        (37, 37, 1, 1, 100, 1),
        (38, 38, 12, 1, 203, 9),
        (39, 39, 12, 1, 202, 8),
        (40, 40, 6, 1, 100, 1),
        (41, 41, 5, 2, 100, 1),
        (42, 42, 20, 2, 105, 6),
        (43, 43, 5, 1, 105, 6),
        (44, 44, 6, 1, 101, 2),
        (45, 45, 2, 1, 100, 1),
        (46, 46, 2, 1, 101, 2),
        (47, 47, 23, 1, 101, 2),
        (48, 48, 24, 1, 102, 3),
        (49, 49, 15, 2, 101, 2),
        (50, 50, 22, 1, 100, 1),
        (51, 51, 6, 3, 102, 3),
        (52, 52, 4, 1, 204, 10),
        (53, 53, 23, 1, 102, 3),
        (54, 54, 9, 1, 203, 9),
        (55, 55, 8, 1, 203, 9),
        (56, 56, 8, 1, 202, 8),
        (57, 57, 5, 1, 101, 2),
        (58, 58, 20, 1, 202, 8),
        (59, 59, 5, 1, 100, 1),
        (60, 60, 4, 1, 205, 11),
        (61, 61, 8, 2, 106, 7),
        (62, 62, 8, 1, 100, 1),
        (63, 63, 4, 1, 203, 9),
        (64, 64, 9, 1, 101, 2),
        (65, 65, 16, 2, 105, 6),
        (66, 66, 1, 2, 102, 3),
        (67, 67, 1, 2, 100, 1),
        (68, 68, 7, 1, 100, 1),
        (69, 69, 1, 2, 101, 2),
        (70, 70, 2, 2, 101, 2),
        (71, 71, 2, 2, 100, 1),
        (72, 72, 7, 1, 203, 9),
        (73, 73, 6, 1, 105, 6),
        (74, 74, 24, 1, 100, 1),
        (75, 75, 11, 2, 106, 7),
        (76, 76, 18, 1, 204, 10),
        (77, 77, 7, 1, 105, 6),
        (78, 78, 17, 2, 100, 1),
        (79, 79, 1, 1, 204, 10),
        (80, 80, 20, 1, 203, 9),
        (81, 81, 10, 1, 101, 2),
        (82, 82, 21, 1, 102, 3),
        (83, 83, 2, 2, 203, 9),
        (84, 84, 22, 1, 101, 2),
        (85, 85, 4, 1, 100, 1),
        (86, 86, 16, 1, 205, 11),
        (87, 87, 7, 3, 102, 3),
        (88, 88, 11, 1, 205, 11),
        (89, 89, 19, 1, 100, 1),
        (90, 90, 7, 2, 100, 1),
        (91, 91, 21, 1, 100, 1),
        (92, 92, 12, 1, 205, 11),
        (93, 93, 2, 1, 204, 10),
        (94, 94, 14, 1, 104, 5),
        (95, 95, 18, 2, 101, 2),
        (96, 96, 17, 2, 102, 3),
        (97, 97, 14, 1, 100, 1),
        (98, 98, 10, 1, 203, 9),
        (99, 99, 5, 2, 203, 9),
        (100, 100, 3, 1, 203, 9),
        (101, 101, 16, 2, 100, 1),
        (102, 102, 15, 3, 101, 2),
        (103, 103, 15, 2, 102, 3),
        (104, 104, 12, 1, 101, 2),
        (105, 105, 16, 2, 102, 3),
        (106, 106, 19, 1, 202, 8),
        (107, 107, 5, 2, 205, 11),
        (108, 108, 4, 2, 100, 1),
        (109, 109, 3, 1, 205, 11),
        (110, 110, 15, 1, 100, 1),
        (111, 111, 20, 1, 204, 10),
        (112, 112, 20, 1, 100, 1),
        (113, 113, 20, 2, 100, 1),
        (114, 114, 9, 1, 202, 8),
        (115, 115, 8, 1, 105, 6),
        (116, 116, 9, 3, 102, 3),
        (117, 117, 19, 2, 105, 6),
        (118, 118, 17, 1, 100, 1),
        (119, 119, 3, 1, 101, 2),
        (120, 120, 14, 2, 205, 11),
        (121, 121, 1, 1, 205, 11),
        (122, 122, 12, 1, 104, 5),
        (123, 123, 8, 2, 100, 1),
        (124, 124, 10, 1, 105, 6),
        (125, 125, 4, 2, 205, 11),
        (126, 126, 4, 1, 102, 3),
        (127, 127, 2, 2, 205, 11),
        (128, 128, 19, 1, 204, 10),
        (129, 129, 1, 2, 203, 9),
        (130, 130, 11, 1, 100, 1),
        (131, 131, 21, 1, 101, 2),
        (132, 132, 1, 2, 205, 11),
        (133, 133, 20, 2, 102, 3),
        (134, 134, 20, 1, 102, 3),
        (135, 135, 11, 1, 104, 5),
        (136, 136, 9, 1, 100, 1),
        (137, 137, 15, 1, 204, 10),
        (138, 138, 22, 1, 203, 9),
        (139, 139, 7, 1, 102, 3),
        (140, 140, 6, 1, 102, 3),
        (141, 141, 16, 1, 100, 1),
        (142, 142, 15, 2, 205, 11),
        (143, 143, 3, 2, 203, 9),
        (144, 144, 7, 1, 101, 2),
        (145, 145, 5, 1, 205, 11),
        (146, 146, 12, 2, 205, 11),
        (147, 147, 3, 2, 205, 11),
        (148, 148, 2, 1, 205, 11),
        (149, 149, 16, 2, 203, 9),
        (150, 150, 4, 2, 203, 9),
        (151, 151, 9, 1, 105, 6),
        (152, 152, 8, 1, 101, 2),
        (153, 153, 5, 1, 102, 3),
        (154, 154, 8, 1, 102, 3),
        (155, 155, 9, 1, 104, 5),
        (156, 156, 11, 3, 101, 2),
        (157, 157, 12, 1, 100, 1),
        (158, 158, 24, 1, 203, 9),
        (159, 159, 13, 2, 106, 7),
        (160, 160, 23, 1, 203, 9),
        (161, 161, 11, 1, 202, 8),
        (162, 162, 6, 2, 100, 1),
        (163, 163, 17, 2, 105, 6),
        (164, 164, 22, 1, 102, 3),
        (165, 165, 9, 2, 106, 7),
        (166, 166, 1, 1, 101, 2),
        (167, 167, 13, 3, 101, 2),
        (168, 168, 23, 1, 100, 1),
        (169, 169, 18, 2, 105, 6),
        (170, 170, 24, 1, 101, 2),
        (171, 171, 3, 1, 102, 3),
        (172, 172, 5, 3, 102, 3),
        (173, 173, 20, 2, 101, 2),
        (174, 174, 18, 2, 102, 3),
        (175, 175, 8, 3, 102, 3),
        (176, 176, 15, 2, 100, 1),
        (177, 177, 12, 3, 101, 2),
        (178, 178, 15, 1, 205, 11),
        (179, 179, 14, 1, 205, 11),
        (180, 180, 11, 1, 101, 2),
        (181, 181, 3, 2, 100, 1),
        (182, 182, 17, 1, 204, 10),
        (183, 183, 19, 1, 203, 9),
        (184, 184, 10, 1, 104, 5),
        (185, 185, 13, 1, 104, 5),
        (186, 186, 24, 1, 205, 11),
        (187, 187, 1, 1, 203, 9),
        (188, 188, 16, 2, 101, 2),
        (189, 189, 3, 1, 204, 10),
        (190, 190, 4, 1, 101, 2),
        (191, 191, 3, 1, 100, 1),
        (192, 192, 19, 2, 102, 3),
        (193, 193, 10, 1, 100, 1),
        (194, 194, 13, 1, 100, 1),
        (195, 195, 16, 2, 205, 11),
        (196, 196, 17, 2, 101, 2);